donem,sembol,birincil_ajan,bt_giris,paper_giris,bt_cikis,paper_cikis,bt_giris_fiyat,paper_giris_fiyat,bt_cikis_fiyat,paper_cikis_fiyat,bt_cikis_nedeni,paper_cikis_nedeni,bt_net_getiri_pct,paper_net_getiri_pct,bt_net_pnl_tl,paper_net_pnl_tl,eslesme,kok_neden
60_seans,AHGAZ,GTD,2026-09-14,2026-09-14,2026-09-16,2026-09-16,40.6616,40.6616,38.5126,38.5126,STOP,STOP,-5.8517,-5.8517,-1171.78,-1169.4,False,net_pnl; LOT_FORMULU (paper: int(alloc/((1+komisyon)*fill)); backtest: int(alloc/fill) sonra tot_cost=lots*fill*(1+komisyon))
60_seans,AHGAZ,GTD,2026-09-23,2026-09-23,2026-09-28,2026-09-28,44.132,44.132,41.7996,41.7996,STOP,STOP,-5.8516,-5.8516,-1173.36,-1168.18,False,net_pnl; LOT_FORMULU (paper: int(alloc/((1+komisyon)*fill)); backtest: int(alloc/fill) sonra tot_cost=lots*fill*(1+komisyon))
60_seans,ANHYT,ALPHA_B_SIMPLE,2026-07-27,2026-07-27,2026-08-04,2026-08-04,106.2177,106.2177,113.0897,113.0897,TRAILING,TRAILING,6.4292,6.4292,1280.84,1280.84,True,ESLESTI
60_seans,ASELS,ALPHA_B_SIMPLE,2026-08-17,2026-08-17,2026-08-27,2026-08-27,388.6625,388.6625,402.5387,402.5387,MAX_GUN,MAX_GUN,2.9507,2.9507,586.63,586.63,True,ESLESTI
60_seans,AYGAZ,GTD,2026-08-13,2026-08-13,2026-08-24,2026-08-24,295.6342,295.6342,331.7518,331.7518,MAX_GUN,MAX_GUN,9.3225,9.3225,1852.09,1852.09,True,ESLESTI
60_seans,BRSAN,GTD,2026-08-20,2026-08-20,2026-08-25,2026-08-25,681.037,681.037,719.3604,719.3604,TRAILING,TRAILING,5.9785,5.9785,1184.3,1184.3,True,ESLESTI
60_seans,CIMSA,ALPHA_B_SIMPLE,2026-07-22,2026-07-22,2026-07-27,2026-07-27,50.802,50.802,48.1171,48.1171,STOP,STOP,-5.8516,-5.8516,-1171.79,-1168.81,False,net_pnl; LOT_FORMULU (paper: int(alloc/((1+komisyon)*fill)); backtest: int(alloc/fill) sonra tot_cost=lots*fill*(1+komisyon))
60_seans,GRSEL,GTD,2026-07-28,2026-07-28,2026-08-07,2026-08-07,345.032,345.032,338.4815,338.4815,MAX_GUN,MAX_GUN,-2.4854,-2.4854,-490.26,-490.26,True,ESLESTI
60_seans,MAGEN,ALPHA_B_SIMPLE,2026-07-17,2026-07-17,2026-07-27,2026-07-27,38.3547,38.3547,39.6477,39.6477,TRAILING,TRAILING,4.8882,4.8882,979.73,975.97,False,net_pnl; LOT_FORMULU (paper: int(alloc/((1+komisyon)*fill)); backtest: int(alloc/fill) sonra tot_cost=lots*fill*(1+komisyon))
60_seans,OTKAR,ALPHA_B_SIMPLE,2026-10-06,,2026-10-06,,341.5215,,340.2262,,PERIOD_END,,-0.9752,,-190.41,,False,"EKSIK_PAPER (backtest'te var, paper replay'de yok)"
60_seans,RYSAS,GTD,2026-09-02,2026-09-02,2026-09-03,2026-09-03,30.1101,30.1101,28.5188,28.5188,STOP,STOP,-5.8515,-5.8515,-1173.41,-1169.88,False,net_pnl; LOT_FORMULU (paper: int(alloc/((1+komisyon)*fill)); backtest: int(alloc/fill) sonra tot_cost=lots*fill*(1+komisyon))
60_seans,RYSAS,GTD,2026-09-03,2026-09-03,2026-09-04,2026-09-04,30.3708,30.3708,28.1553,28.1553,STOP,STOP,-7.8494,-7.8494,-1573.33,-1568.55,False,net_pnl; LOT_FORMULU (paper: int(alloc/((1+komisyon)*fill)); backtest: int(alloc/fill) sonra tot_cost=lots*fill*(1+komisyon))
60_seans,TKFEN,GTD,2026-09-24,2026-09-24,2026-09-29,2026-09-29,266.798,266.798,252.6977,252.6977,STOP,STOP,-5.8516,-5.8516,-1158.75,-1158.75,True,ESLESTI
5yil,AEFES,GTD,2022-04-25,2022-04-25,2022-04-27,2022-04-27,3.003,3.003,2.8443,2.8443,STOP,STOP,-5.8513,-5.8513,-1173.77,-1170.25,False,net_pnl; LOT_FORMULU (paper: int(alloc/((1+komisyon)*fill)); backtest: int(alloc/fill) sonra tot_cost=lots*fill*(1+komisyon))
5yil,AEFES,GTD,2022-07-26,2022-07-26,2022-08-03,2022-08-03,3.4042,3.4042,3.5518,3.5518,TRAILING,TRAILING,5.859,5.859,1175.29,1171.69,False,net_pnl; LOT_FORMULU (paper: int(alloc/((1+komisyon)*fill)); backtest: int(alloc/fill) sonra tot_cost=lots*fill*(1+komisyon))
5yil,AGHOL,GTD,2021-10-28,2021-10-28,2021-11-03,2021-11-03,2.7482,2.7482,2.603,2.603,STOP,STOP,-5.8501,-5.8501,-1169.09,-1169.89,False,net_pnl; LOT_FORMULU (paper: int(alloc/((1+komisyon)*fill)); backtest: int(alloc/fill) sonra tot_cost=lots*fill*(1+komisyon))
5yil,AGHOL,GTD,2023-07-14,2023-07-14,2023-07-24,2023-07-24,12.7481,12.7481,13.0607,13.0607,MAX_GUN,MAX_GUN,1.8393,1.8393,368.75,367.81,False,net_pnl; LOT_FORMULU (paper: int(alloc/((1+komisyon)*fill)); backtest: int(alloc/fill) sonra tot_cost=lots*fill*(1+komisyon))
5yil,AGHOL,GTD,2024-04-18,2024-04-18,2024-04-29,2024-04-29,30.4912,30.4912,31.555,31.555,MAX_GUN,MAX_GUN,2.8698,2.8698,574.87,573.11,False,net_pnl; LOT_FORMULU (paper: int(alloc/((1+komisyon)*fill)); backtest: int(alloc/fill) sonra tot_cost=lots*fill*(1+komisyon))
5yil,AGHOL,GTD,2024-12-30,2024-12-30,2024-12-31,2024-12-31,38.0639,38.0639,30.6827,30.6827,STOP,STOP,-19.8738,-19.8738,-3983.41,-3968.23,False,net_pnl; LOT_FORMULU (paper: int(alloc/((1+komisyon)*fill)); backtest: int(alloc/fill) sonra tot_cost=lots*fill*(1+komisyon))
5yil,AHGAZ,ALPHA_B_SIMPLE,2024-05-17,2024-05-17,2024-05-27,2024-05-27,15.2456,15.2456,16.4505,16.4505,MAX_GUN,MAX_GUN,7.1447,7.1447,1432.3,1427.93,False,net_pnl; LOT_FORMULU (paper: int(alloc/((1+komisyon)*fill)); backtest: int(alloc/fill) sonra tot_cost=lots*fill*(1+komisyon))
5yil,AHGAZ,ALPHA_B_SIMPLE,2025-02-21,2025-02-21,2025-03-03,2025-03-03,19.9196,19.9196,19.1324,19.1324,MAX_GUN,MAX_GUN,-4.5265,-4.5265,-907.97,-905.26,False,net_pnl; LOT_FORMULU (paper: int(alloc/((1+komisyon)*fill)); backtest: int(alloc/fill) sonra tot_cost=lots*fill*(1+komisyon))
5yil,AHGAZ,GTD,2024-10-17,2024-10-17,2024-10-21,2024-10-21,17.1212,17.1212,18.0622,18.0622,TRAILING,TRAILING,6.8431,6.8431,1372.55,1367.85,False,net_pnl; LOT_FORMULU (paper: int(alloc/((1+komisyon)*fill)); backtest: int(alloc/fill) sonra tot_cost=lots*fill*(1+komisyon))
5yil,AHGAZ,GTD,2024-10-21,2024-10-21,2024-10-31,2024-10-31,18.1944,18.1944,19.4913,19.4913,MAX_GUN,MAX_GUN,6.4872,6.4872,1301.04,1296.31,False,net_pnl; LOT_FORMULU (paper: int(alloc/((1+komisyon)*fill)); backtest: int(alloc/fill) sonra tot_cost=lots*fill*(1+komisyon))
5yil,AHGAZ,GTD,2025-06-18,2025-06-18,2025-06-25,2025-06-25,28.7059,28.7059,27.1888,27.1888,STOP,STOP,-5.8516,-5.8516,-1172.61,-1169.24,False,net_pnl; LOT_FORMULU (paper: int(alloc/((1+komisyon)*fill)); backtest: int(alloc/fill) sonra tot_cost=lots*fill*(1+komisyon))
5yil,AHGAZ,GTD,2026-05-25,2026-05-25,2026-06-04,2026-06-04,31.5544,31.5544,31.0665,31.0665,MAX_GUN,MAX_GUN,-2.1352,-2.1352,-427.76,-426.41,False,net_pnl; LOT_FORMULU (paper: int(alloc/((1+komisyon)*fill)); backtest: int(alloc/fill) sonra tot_cost=lots*fill*(1+komisyon))
5yil,AHGAZ,GTD,2026-09-14,2026-09-14,2026-09-16,2026-09-16,40.6616,40.6616,38.5126,38.5126,STOP,STOP,-5.8517,-5.8517,-1171.78,-1169.4,False,net_pnl; LOT_FORMULU (paper: int(alloc/((1+komisyon)*fill)); backtest: int(alloc/fill) sonra tot_cost=lots*fill*(1+komisyon))
5yil,AHGAZ,GTD,2026-09-23,2026-09-23,2026-09-28,2026-09-28,44.132,44.132,41.7996,41.7996,STOP,STOP,-5.8516,-5.8516,-1173.36,-1168.18,False,net_pnl; LOT_FORMULU (paper: int(alloc/((1+komisyon)*fill)); backtest: int(alloc/fill) sonra tot_cost=lots*fill*(1+komisyon))
5yil,AKBNK,ALPHA_B_SIMPLE,2025-03-04,2025-03-04,2025-03-14,2025-03-14,73.219,73.219,74.6753,74.6753,MAX_GUN,MAX_GUN,1.3789,1.3789,276.44,275.43,False,net_pnl; LOT_FORMULU (paper: int(alloc/((1+komisyon)*fill)); backtest: int(alloc/fill) sonra tot_cost=lots*fill*(1+komisyon))
5yil,AKBNK,GTD,2022-12-20,2022-12-20,2022-12-23,2022-12-23,20.5615,20.5615,19.4748,19.4748,STOP,STOP,-5.8517,-5.8517,-1173.02,-1169.4,False,net_pnl; LOT_FORMULU (paper: int(alloc/((1+komisyon)*fill)); backtest: int(alloc/fill) sonra tot_cost=lots*fill*(1+komisyon))
5yil,AKBNK,GTD,2024-01-16,2024-01-16,2024-01-18,2024-01-18,43.3095,43.3095,41.0206,41.0206,STOP,STOP,-5.8516,-5.8516,-1171.81,-1169.27,False,net_pnl; LOT_FORMULU (paper: int(alloc/((1+komisyon)*fill)); backtest: int(alloc/fill) sonra tot_cost=lots*fill*(1+komisyon))
5yil,AKCNS,ALPHA_B_SIMPLE,2023-05-22,2023-05-22,2023-05-23,2023-05-23,68.204,68.204,64.5994,64.5994,STOP,STOP,-5.8516,-5.8516,-1172.88,-1168.88,False,net_pnl; LOT_FORMULU (paper: int(alloc/((1+komisyon)*fill)); backtest: int(alloc/fill) sonra tot_cost=lots*fill*(1+komisyon))
5yil,AKCNS,ALPHA_B_SIMPLE,2025-03-18,2025-03-18,2025-03-19,2025-03-19,187.561,187.561,174.6744,174.6744,STOP,STOP,-7.4277,-7.4277,-1481.17,-1481.17,True,ESLESTI
5yil,AKCNS,GTD,2023-06-08,2023-06-08,2023-06-19,2023-06-19,84.1517,84.1517,79.7043,79.7043,STOP,STOP,-5.8516,-5.8516,-1170.54,-1165.6,False,net_pnl; LOT_FORMULU (paper: int(alloc/((1+komisyon)*fill)); backtest: int(alloc/fill) sonra tot_cost=lots*fill*(1+komisyon))
5yil,AKFYE,GTD,2024-01-23,2024-01-23,2024-02-01,2024-02-01,3.2096,3.2096,3.3277,3.3277,TRAILING,TRAILING,5.0458,5.0461,1012.13,1009.11,False,net_pnl; LOT_FORMULU (paper: int(alloc/((1+komisyon)*fill)); backtest: int(alloc/fill) sonra tot_cost=lots*fill*(1+komisyon))
5yil,AKFYE,GTD,2024-02-01,2024-02-01,2024-02-09,2024-02-09,3.4102,3.4102,3.9464,3.9464,TRAILING,TRAILING,11.032,11.0327,2212.73,2206.45,False,net_pnl; LOT_FORMULU (paper: int(alloc/((1+komisyon)*fill)); backtest: int(alloc/fill) sonra tot_cost=lots*fill*(1+komisyon))
5yil,AKFYE,GTD,2024-03-14,2024-03-14,2024-03-18,2024-03-18,5.1287,5.1287,4.8577,4.8577,STOP,STOP,0.5892,0.5892,118.17,117.81,False,net_pnl; LOT_FORMULU (paper: int(alloc/((1+komisyon)*fill)); backtest: int(alloc/fill) sonra tot_cost=lots*fill*(1+komisyon))
5yil,AKFYE,GTD,2026-01-30,2026-01-30,2026-02-05,2026-02-05,3.0892,3.0892,3.4476,3.4476,TRAILING,TRAILING,8.9826,8.9826,1801.85,1796.29,False,net_pnl; LOT_FORMULU (paper: int(alloc/((1+komisyon)*fill)); backtest: int(alloc/fill) sonra tot_cost=lots*fill*(1+komisyon))
5yil,AKSA,ALPHA_B_SIMPLE,2022-02-21,2022-02-21,2022-02-24,2022-02-24,2.8435,2.8435,2.8331,2.8331,TRAILING,TRAILING,3.0351,3.0356,608.78,607.08,False,net_pnl; LOT_FORMULU (paper: int(alloc/((1+komisyon)*fill)); backtest: int(alloc/fill) sonra tot_cost=lots*fill*(1+komisyon))
5yil,AKSA,GTD,2024-12-02,2024-12-02,2024-12-06,2024-12-06,9.8695,9.8695,10.3145,10.3145,TRAILING,TRAILING,5.4579,5.4579,1094.61,1091.36,False,net_pnl; LOT_FORMULU (paper: int(alloc/((1+komisyon)*fill)); backtest: int(alloc/fill) sonra tot_cost=lots*fill*(1+komisyon))
5yil,AKSA,GTD,2024-12-20,2024-12-20,2024-12-23,2024-12-23,12.046,12.046,11.1265,11.1265,STOP,STOP,-8.1858,-8.1858,-1641.77,-1636.82,False,net_pnl; LOT_FORMULU (paper: int(alloc/((1+komisyon)*fill)); backtest: int(alloc/fill) sonra tot_cost=lots*fill*(1+komisyon))
5yil,AKSA,GTD,2025-02-25,2025-02-25,2025-03-07,2025-03-07,13.1192,13.1192,13.31,13.31,MAX_GUN,MAX_GUN,0.8475,0.8475,169.94,169.39,False,net_pnl; LOT_FORMULU (paper: int(alloc/((1+komisyon)*fill)); backtest: int(alloc/fill) sonra tot_cost=lots*fill*(1+komisyon))
5yil,AKSA,ZT3,2024-06-25,2024-06-25,2024-07-05,2024-07-05,11.0832,11.0832,11.1082,11.1082,MAX_GUN,MAX_GUN,-0.374,-0.374,-75.0,-74.79,False,net_pnl; LOT_FORMULU (paper: int(alloc/((1+komisyon)*fill)); backtest: int(alloc/fill) sonra tot_cost=lots*fill*(1+komisyon))
5yil,AKSEN,ALPHA_B_SIMPLE,2022-09-26,2022-09-26,2022-09-27,2022-09-27,34.3828,34.3828,32.5657,32.5657,STOP,STOP,-5.8515,-5.8515,-1172.43,-1168.39,False,net_pnl; LOT_FORMULU (paper: int(alloc/((1+komisyon)*fill)); backtest: int(alloc/fill) sonra tot_cost=lots*fill*(1+komisyon))
5yil,AKSEN,GTD,2022-06-22,2022-06-22,2022-06-30,2022-06-30,25.1753,25.1753,23.8448,23.8448,STOP,STOP,-5.8515,-5.8515,-1173.18,-1170.23,False,net_pnl; LOT_FORMULU (paper: int(alloc/((1+komisyon)*fill)); backtest: int(alloc/fill) sonra tot_cost=lots*fill*(1+komisyon))
5yil,AKSEN,GTD,2023-07-25,2023-07-25,2023-07-26,2023-07-26,41.2032,41.2032,38.1053,38.1053,STOP,STOP,-8.0718,-8.0718,-1617.88,-1611.2,False,net_pnl; LOT_FORMULU (paper: int(alloc/((1+komisyon)*fill)); backtest: int(alloc/fill) sonra tot_cost=lots*fill*(1+komisyon))
5yil,AKSEN,GTD,2024-02-05,2024-02-05,2024-02-15,2024-02-15,37.0909,37.0909,38.9029,38.9029,MAX_GUN,MAX_GUN,4.2579,4.2579,853.79,850.62,False,net_pnl; LOT_FORMULU (paper: int(alloc/((1+komisyon)*fill)); backtest: int(alloc/fill) sonra tot_cost=lots*fill*(1+komisyon))
5yil,AKSEN,ZT3,2022-02-01,2022-02-01,2022-02-04,2022-02-04,12.5475,12.5475,11.8843,11.8843,STOP,STOP,-5.8521,-5.8521,-1173.24,-1170.29,False,net_pnl; LOT_FORMULU (paper: int(alloc/((1+komisyon)*fill)); backtest: int(alloc/fill) sonra tot_cost=lots*fill*(1+komisyon))
5yil,ALARK,ALPHA_B_SIMPLE,2025-07-02,2025-07-02,2025-07-14,2025-07-14,85.2048,85.2048,85.742,85.742,MAX_GUN,MAX_GUN,0.0285,0.0285,5.7,5.7,True,ESLESTI
5yil,ALARK,GTD,2021-11-12,2021-11-12,2021-11-22,2021-11-22,10.5315,10.5315,11.0767,11.0767,MAX_GUN,MAX_GUN,4.5477,4.5477,902.63,909.35,False,net_pnl; LOT_FORMULU (paper: int(alloc/((1+komisyon)*fill)); backtest: int(alloc/fill) sonra tot_cost=lots*fill*(1+komisyon))
5yil,ALARK,GTD,2022-01-21,2022-01-21,2022-01-25,2022-01-25,15.1954,15.1954,14.3923,14.3923,STOP,STOP,-5.8517,-5.8517,-1173.69,-1170.12,False,net_pnl; LOT_FORMULU (paper: int(alloc/((1+komisyon)*fill)); backtest: int(alloc/fill) sonra tot_cost=lots*fill*(1+komisyon))
5yil,ALARK,GTD,2023-08-22,2023-08-22,2023-08-23,2023-08-23,133.9005,133.9005,126.8239,126.8239,STOP,STOP,-5.8516,-5.8516,-1170.96,-1163.1,False,net_pnl; LOT_FORMULU (paper: int(alloc/((1+komisyon)*fill)); backtest: int(alloc/fill) sonra tot_cost=lots*fill*(1+komisyon))
5yil,ALBRK,ALPHA_B_SIMPLE,2023-04-12,2023-04-12,2023-04-20,2023-04-20,2.9488,2.9488,2.793,2.793,STOP,STOP,-5.8501,-5.8501,-1173.46,-1170.0,False,net_pnl; LOT_FORMULU (paper: int(alloc/((1+komisyon)*fill)); backtest: int(alloc/fill) sonra tot_cost=lots*fill*(1+komisyon))
5yil,ALBRK,GTD,2021-10-08,2021-10-08,2021-10-13,2021-10-13,1.4258,1.4258,1.3504,1.3504,STOP,STOP,-5.8548,-5.8548,-1173.62,-1170.94,False,net_pnl; LOT_FORMULU (paper: int(alloc/((1+komisyon)*fill)); backtest: int(alloc/fill) sonra tot_cost=lots*fill*(1+komisyon))
5yil,ALBRK,GTD,2022-04-20,2022-04-20,2022-04-25,2022-04-25,1.601,1.601,1.5163,1.5163,STOP,STOP,-5.857,-5.857,-1174.9,-1171.32,False,net_pnl; LOT_FORMULU (paper: int(alloc/((1+komisyon)*fill)); backtest: int(alloc/fill) sonra tot_cost=lots*fill*(1+komisyon))
5yil,ALBRK,GTD,2024-04-30,2024-04-30,2024-05-10,2024-05-10,5.0551,5.0551,4.995,4.995,MAX_GUN,MAX_GUN,-1.78,-1.78,-357.03,-355.95,False,net_pnl; LOT_FORMULU (paper: int(alloc/((1+komisyon)*fill)); backtest: int(alloc/fill) sonra tot_cost=lots*fill*(1+komisyon))
5yil,ALBRK,GTD,2025-03-07,2025-03-07,2025-03-17,2025-03-17,7.5426,7.5426,7.5174,7.5174,MAX_GUN,MAX_GUN,-0.9303,-0.9303,-186.58,-186.01,False,net_pnl; LOT_FORMULU (paper: int(alloc/((1+komisyon)*fill)); backtest: int(alloc/fill) sonra tot_cost=lots*fill*(1+komisyon))
5yil,ALBRK,GTD,2025-07-01,2025-07-01,2025-07-11,2025-07-11,8.2045,8.2045,8.6141,8.6141,MAX_GUN,MAX_GUN,4.3643,4.3643,875.23,872.72,False,net_pnl; LOT_FORMULU (paper: int(alloc/((1+komisyon)*fill)); backtest: int(alloc/fill) sonra tot_cost=lots*fill*(1+komisyon))
5yil,ALBRK,GTD,2026-01-30,2026-01-30,2026-02-09,2026-02-09,9.017,9.017,9.0627,9.0627,MAX_GUN,MAX_GUN,-0.0944,-0.0944,-18.94,-18.88,False,net_pnl; LOT_FORMULU (paper: int(alloc/((1+komisyon)*fill)); backtest: int(alloc/fill) sonra tot_cost=lots*fill*(1+komisyon))
5yil,ANHYT,ALPHA_B_SIMPLE,2022-08-10,2022-08-10,2022-08-16,2022-08-16,13.6408,13.6408,12.9199,12.9199,STOP,STOP,-5.8515,-5.8515,-1173.65,-1169.65,False,net_pnl; LOT_FORMULU (paper: int(alloc/((1+komisyon)*fill)); backtest: int(alloc/fill) sonra tot_cost=lots*fill*(1+komisyon))
5yil,ANHYT,ALPHA_B_SIMPLE,2025-07-02,2025-07-02,2025-07-07,2025-07-07,82.1457,82.1457,77.8043,77.8043,STOP,STOP,-5.8516,-5.8516,-1171.56,-1166.74,False,net_pnl; LOT_FORMULU (paper: int(alloc/((1+komisyon)*fill)); backtest: int(alloc/fill) sonra tot_cost=lots*fill*(1+komisyon))
5yil,ANHYT,ALPHA_B_SIMPLE,2026-07-27,2026-07-27,2026-08-04,2026-08-04,106.2177,106.2177,113.0897,113.0897,TRAILING,TRAILING,6.4324,6.4292,1288.33,1280.84,False,net_pnl; LOT_FORMULU (paper: int(alloc/((1+komisyon)*fill)); backtest: int(alloc/fill) sonra tot_cost=lots*fill*(1+komisyon))
5yil,ANHYT,GTD,2022-01-18,2022-01-18,2022-01-20,2022-01-20,13.8916,13.8916,14.3777,14.3777,TRAILING,TRAILING,4.9545,4.9545,993.37,990.61,False,net_pnl; LOT_FORMULU (paper: int(alloc/((1+komisyon)*fill)); backtest: int(alloc/fill) sonra tot_cost=lots*fill*(1+komisyon))
5yil,ANHYT,GTD,2022-11-15,2022-11-15,2022-11-17,2022-11-17,17.3218,17.3218,17.9864,17.9864,TRAILING,TRAILING,5.1237,5.122,1027.27,1024.26,False,net_pnl; LOT_FORMULU (paper: int(alloc/((1+komisyon)*fill)); backtest: int(alloc/fill) sonra tot_cost=lots*fill*(1+komisyon))
5yil,ANHYT,GTD,2023-08-11,2023-08-11,2023-08-21,2023-08-22,30.6918,30.6918,33.2599,34.9748,MAX_GUN,MAX_GUN,7.376,10.1573,1478.18,2029.31,False,cikis_tarihi; cikis_fiyati; net_pnl; net_getiri; LOT_FORMULU (paper: int(alloc/((1+komisyon)*fill)); backtest: int(alloc/fill) sonra tot_cost=lots*fill*(1+komisyon))
5yil,ANHYT,GTD,2023-10-04,2023-10-04,2023-10-09,2023-10-09,51.153,51.153,52.4921,52.4921,TRAILING,TRAILING,4.5179,4.5115,904.01,900.41,False,net_pnl; LOT_FORMULU (paper: int(alloc/((1+komisyon)*fill)); backtest: int(alloc/fill) sonra tot_cost=lots*fill*(1+komisyon))
5yil,ANHYT,GTD,2024-02-08,2024-02-08,2024-02-19,2024-02-19,47.7428,47.7428,51.525,51.525,TRAILING,TRAILING,7.1541,7.1544,1431.99,1428.63,False,net_pnl; LOT_FORMULU (paper: int(alloc/((1+komisyon)*fill)); backtest: int(alloc/fill) sonra tot_cost=lots*fill*(1+komisyon))
5yil,ANHYT,GTD,2025-10-27,2025-10-27,2025-11-06,2025-11-06,100.0492,100.0492,103.5883,103.5883,MAX_GUN,MAX_GUN,2.918,2.918,582.71,582.71,True,ESLESTI
5yil,ANHYT,GTD,2025-12-29,2025-12-29,2025-12-30,2025-12-30,109.327,109.327,103.549,103.549,STOP,STOP,-5.8517,-5.8517,-1167.83,-1167.83,True,ESLESTI
5yil,ANHYT,ZT3,2023-08-23,2023-08-23,2023-09-04,2023-09-04,35.1852,35.1852,40.3675,40.3675,TRAILING,TRAILING,10.5371,10.5371,2112.17,2104.74,False,net_pnl; LOT_FORMULU (paper: int(alloc/((1+komisyon)*fill)); backtest: int(alloc/fill) sonra tot_cost=lots*fill*(1+komisyon))
5yil,ANSGR,ALPHA_B_SIMPLE,2022-08-01,2022-08-01,2022-08-03,2022-08-03,1.5421,1.5421,1.622,1.622,TRAILING,TRAILING,5.7928,5.7929,1162.0,1158.53,False,net_pnl; LOT_FORMULU (paper: int(alloc/((1+komisyon)*fill)); backtest: int(alloc/fill) sonra tot_cost=lots*fill*(1+komisyon))
5yil,ANSGR,ALPHA_B_SIMPLE,2024-03-12,2024-03-12,2024-03-13,2024-03-13,19.3077,19.3077,18.2873,18.2873,STOP,STOP,-5.8515,-5.8515,-1172.85,-1169.45,False,net_pnl; LOT_FORMULU (paper: int(alloc/((1+komisyon)*fill)); backtest: int(alloc/fill) sonra tot_cost=lots*fill*(1+komisyon))
5yil,ANSGR,ALPHA_B_SIMPLE,2026-03-12,2026-03-12,2026-03-23,2026-03-23,27.8834,27.8834,28.235,28.235,MAX_GUN,MAX_GUN,0.6552,0.6552,131.39,131.02,False,net_pnl; LOT_FORMULU (paper: int(alloc/((1+komisyon)*fill)); backtest: int(alloc/fill) sonra tot_cost=lots*fill*(1+komisyon))
5yil,ANSGR,GTD,2022-09-16,2022-09-16,2022-09-20,2022-09-20,2.337,2.337,2.2135,2.2135,STOP,STOP,-5.8511,-5.8511,-1173.61,-1170.18,False,net_pnl; LOT_FORMULU (paper: int(alloc/((1+komisyon)*fill)); backtest: int(alloc/fill) sonra tot_cost=lots*fill*(1+komisyon))
5yil,ANSGR,GTD,2024-05-06,2024-05-06,2024-05-16,2024-05-16,22.1914,22.1914,25.6478,25.6478,MAX_GUN,MAX_GUN,11.3153,11.3113,2269.22,2260.87,False,net_pnl; LOT_FORMULU (paper: int(alloc/((1+komisyon)*fill)); backtest: int(alloc/fill) sonra tot_cost=lots*fill*(1+komisyon))
5yil,ANSGR,GTD,2025-12-19,2025-12-19,2025-12-29,2025-12-29,24.1522,24.1522,23.25,23.25,MAX_GUN,MAX_GUN,-4.3113,-4.3113,-864.77,-861.64,False,net_pnl; LOT_FORMULU (paper: int(alloc/((1+komisyon)*fill)); backtest: int(alloc/fill) sonra tot_cost=lots*fill*(1+komisyon))
5yil,ARCLK,GTD,2023-01-05,2023-01-05,2023-01-06,2023-01-06,124.372,124.372,115.2532,115.2532,STOP,STOP,-7.8862,-7.8862,-1574.03,-1574.03,True,ESLESTI
5yil,ARCLK,GTD,2024-05-22,2024-05-22,2024-05-30,2024-05-30,191.6733,191.6733,181.5433,181.5433,STOP,STOP,-5.8516,-5.8516,-1169.96,-1169.96,True,ESLESTI
5yil,ASELS,ALPHA_B_SIMPLE,2025-12-10,2025-12-10,2025-12-22,2025-12-22,202.606,202.606,212.1616,212.1616,MAX_GUN,MAX_GUN,4.0899,4.0899,814.51,814.51,True,ESLESTI
5yil,ASELS,ALPHA_B_SIMPLE,2026-08-17,2026-08-17,2026-08-27,2026-08-27,388.6625,388.6625,402.5387,402.5387,MAX_GUN,MAX_GUN,2.9507,2.9507,586.63,586.63,True,ESLESTI
5yil,ASELS,GTD,2023-07-05,2023-07-05,2023-07-17,2023-07-17,29.8643,29.8643,36.889,36.889,MAX_GUN,MAX_GUN,14.9191,14.9192,2989.67,2980.74,False,net_pnl; LOT_FORMULU (paper: int(alloc/((1+komisyon)*fill)); backtest: int(alloc/fill) sonra tot_cost=lots*fill*(1+komisyon))
5yil,ASELS,GTD,2025-03-10,2025-03-10,2025-03-19,2025-03-19,108.5246,108.5246,117.3469,117.3469,TRAILING,TRAILING,7.2572,7.2584,1453.5,1445.85,False,net_pnl; LOT_FORMULU (paper: int(alloc/((1+komisyon)*fill)); backtest: int(alloc/fill) sonra tot_cost=lots*fill*(1+komisyon))
5yil,ASELS,GTD,2025-09-29,2025-09-29,2025-10-07,2025-10-07,217.9519,217.9519,206.4331,206.4331,STOP,STOP,-5.8516,-5.8516,-1164.07,-1164.07,True,ESLESTI
5yil,ASELS,ZT3,2023-01-04,2023-01-04,2023-01-05,2023-01-05,34.6536,34.6536,32.7265,32.7265,STOP,STOP,-6.126,-6.126,-1228.57,-1224.31,False,net_pnl; LOT_FORMULU (paper: int(alloc/((1+komisyon)*fill)); backtest: int(alloc/fill) sonra tot_cost=lots*fill*(1+komisyon))
5yil,ASTOR,ALPHA_B_SIMPLE,2025-12-09,2025-12-09,2025-12-16,2025-12-16,104.6129,104.6129,108.6381,108.6381,TRAILING,TRAILING,5.1192,5.1292,1025.94,1022.56,False,net_pnl; LOT_FORMULU (paper: int(alloc/((1+komisyon)*fill)); backtest: int(alloc/fill) sonra tot_cost=lots*fill*(1+komisyon))
5yil,ASTOR,GTD,2024-12-10,2024-12-10,2024-12-17,2024-12-17,101.4033,101.4033,104.1865,104.1865,TRAILING,TRAILING,4.5686,4.581,915.38,913.21,False,net_pnl; net_getiri; LOT_FORMULU (paper: int(alloc/((1+komisyon)*fill)); backtest: int(alloc/fill) sonra tot_cost=lots*fill*(1+komisyon))
5yil,ASTOR,GTD,2026-03-26,2026-03-26,2026-03-27,2026-03-27,209.8276,209.8276,198.7382,198.7382,STOP,STOP,-5.8516,-5.8516,-1169.93,-1169.93,True,ESLESTI
5yil,AYGAZ,ALPHA_B_SIMPLE,2024-04-16,2024-04-16,2024-04-26,2024-04-26,173.1178,173.1178,180.6564,180.6564,MAX_GUN,MAX_GUN,3.7304,3.7304,744.89,744.89,True,ESLESTI
5yil,AYGAZ,ALPHA_B_SIMPLE,2026-01-19,2026-01-19,2026-01-29,2026-01-30,215.645,215.645,233.5971,239.0806,MAX_GUN,MAX_GUN,7.3544,8.6182,1463.43,1714.92,False,cikis_tarihi; cikis_fiyati; net_pnl; net_getiri; LOT_FORMULU (paper: int(alloc/((1+komisyon)*fill)); backtest: int(alloc/fill) sonra tot_cost=lots*fill*(1+komisyon))
5yil,AYGAZ,ALPHA_B_SIMPLE,2026-04-10,2026-04-10,2026-04-20,2026-04-20,277.831,277.831,268.193,268.193,MAX_GUN,MAX_GUN,-4.0465,-4.0465,-800.6,-800.6,True,ESLESTI
5yil,AYGAZ,GTD,2021-10-06,,2021-10-18,,9.1439,,9.7107,,MAX_GUN,,5.5634,,1115.89,,False,"EKSIK_PAPER (backtest'te var, paper replay'de yok)"
5yil,AYGAZ,GTD,,2021-10-07,,2021-10-18,,9.0993,,9.7107,,MAX_GUN,,6.0808,,1215.94,False,"EKSIK_BACKTEST (paper'da var, simulate_priority_portfolio'da yok)"
5yil,AYGAZ,GTD,2023-06-13,2023-06-13,2023-06-16,2023-06-16,83.3493,83.3493,78.9443,78.9443,STOP,STOP,-5.8516,-5.8516,-1169.16,-1169.16,True,ESLESTI
5yil,AYGAZ,GTD,2024-02-06,2024-02-06,2024-02-14,2024-02-14,148.7449,148.7449,151.7434,151.7434,TRAILING,TRAILING,4.2188,4.2188,843.4,843.4,True,ESLESTI
5yil,AYGAZ,GTD,2024-11-22,2024-11-22,2024-12-02,2024-12-02,174.4217,174.4217,175.8708,175.8708,MAX_GUN,MAX_GUN,0.2276,0.2276,45.4,45.4,True,ESLESTI
5yil,AYGAZ,GTD,2025-09-24,2025-09-24,2025-09-29,2025-09-29,188.0625,188.0625,178.1234,178.1234,STOP,STOP,-5.8516,-5.8516,-1169.99,-1169.99,True,ESLESTI
5yil,AYGAZ,GTD,2026-08-13,2026-08-13,2026-08-24,2026-08-24,295.6342,295.6342,331.7518,331.7518,MAX_GUN,MAX_GUN,9.3225,9.3225,1852.09,1852.09,True,ESLESTI
5yil,BALSU,ALPHA_B_SIMPLE,2025-04-15,2025-04-15,2025-04-16,2025-04-16,17.4923,17.4923,16.5678,16.5678,STOP,STOP,-5.8518,-5.8518,-1173.5,-1169.39,False,net_pnl; LOT_FORMULU (paper: int(alloc/((1+komisyon)*fill)); backtest: int(alloc/fill) sonra tot_cost=lots*fill*(1+komisyon))
5yil,BERA,ALPHA_B_SIMPLE,2025-02-03,2025-02-03,2025-02-05,2025-02-05,17.1413,17.1413,16.2353,16.2353,STOP,STOP,-5.8521,-5.8521,-1173.15,-1170.13,False,net_pnl; LOT_FORMULU (paper: int(alloc/((1+komisyon)*fill)); backtest: int(alloc/fill) sonra tot_cost=lots*fill*(1+komisyon))
5yil,BERA,ALPHA_B_SIMPLE,2025-07-24,2025-07-24,2025-08-04,2025-08-04,15.5565,15.5565,16.8992,16.8992,MAX_GUN,MAX_GUN,7.5069,7.5069,1505.14,1500.45,False,net_pnl; LOT_FORMULU (paper: int(alloc/((1+komisyon)*fill)); backtest: int(alloc/fill) sonra tot_cost=lots*fill*(1+komisyon))
5yil,BERA,GTD,2025-08-08,2025-08-08,2025-08-14,2025-08-14,17.3419,17.3419,16.4254,16.4254,STOP,STOP,-5.8515,-5.8515,-1173.53,-1169.45,False,net_pnl; LOT_FORMULU (paper: int(alloc/((1+komisyon)*fill)); backtest: int(alloc/fill) sonra tot_cost=lots*fill*(1+komisyon))
5yil,BIMAS,GTD,2021-12-10,2021-12-10,2021-12-17,2021-12-17,37.5373,37.5373,40.538,40.538,TRAILING,TRAILING,7.6647,7.6641,1535.23,1532.22,False,net_pnl; LOT_FORMULU (paper: int(alloc/((1+komisyon)*fill)); backtest: int(alloc/fill) sonra tot_cost=lots*fill*(1+komisyon))
5yil,BIMAS,GTD,2023-07-31,2023-07-31,2023-08-04,2023-08-04,108.9258,108.9258,112.4741,112.4741,TRAILING,TRAILING,4.8239,4.8239,964.45,964.45,True,ESLESTI
5yil,BIMAS,GTD,2024-06-05,2024-06-05,2024-06-20,2024-06-20,246.738,246.738,283.8958,283.8958,MAX_GUN,MAX_GUN,10.7469,10.7016,2154.3,2118.73,False,net_pnl; net_getiri; LOT_FORMULU (paper: int(alloc/((1+komisyon)*fill)); backtest: int(alloc/fill) sonra tot_cost=lots*fill*(1+komisyon))
5yil,BINHO,ALPHA_B_SIMPLE,2024-12-10,2024-12-10,2024-12-19,2024-12-19,12.8435,12.8435,12.1647,12.1647,STOP,STOP,-5.8518,-5.8518,-1173.7,-1169.94,False,net_pnl; LOT_FORMULU (paper: int(alloc/((1+komisyon)*fill)); backtest: int(alloc/fill) sonra tot_cost=lots*fill*(1+komisyon))
5yil,BRSAN,GTD,2023-04-03,2023-04-03,2023-04-04,2023-04-04,104.0111,104.0111,98.5141,98.5141,STOP,STOP,-5.8516,-5.8516,-1172.08,-1165.97,False,net_pnl; LOT_FORMULU (paper: int(alloc/((1+komisyon)*fill)); backtest: int(alloc/fill) sonra tot_cost=lots*fill*(1+komisyon))
5yil,BRSAN,GTD,2026-08-20,2026-08-20,2026-08-25,2026-08-25,681.037,681.037,719.3604,719.3604,TRAILING,TRAILING,5.9785,5.9785,1184.3,1184.3,True,ESLESTI
5yil,BRYAT,GTD,2025-08-29,2025-08-29,2025-09-01,2025-09-01,2868.58,2868.58,2716.9755,2716.9755,STOP,STOP,-5.8516,-5.8516,-1010.17,-1010.17,True,ESLESTI
5yil,BRYAT,GTD,2025-11-12,2025-11-12,2025-11-13,2025-11-13,2610.3075,2610.3075,2383.827,2383.827,STOP,STOP,-9.2227,-9.2227,-1690.24,-1690.24,True,ESLESTI
5yil,BSOKE,GTD,2022-04-11,2022-04-11,2022-04-18,2022-04-18,2.668,2.668,2.527,2.527,STOP,STOP,-5.8514,-5.8514,-1173.76,-1170.16,False,net_pnl; LOT_FORMULU (paper: int(alloc/((1+komisyon)*fill)); backtest: int(alloc/fill) sonra tot_cost=lots*fill*(1+komisyon))
5yil,BSOKE,GTD,2023-07-13,2023-07-13,2023-07-19,2023-07-19,3.9418,3.9418,3.7335,3.7335,STOP,STOP,-5.851,-5.851,-1173.52,-1170.05,False,net_pnl; LOT_FORMULU (paper: int(alloc/((1+komisyon)*fill)); backtest: int(alloc/fill) sonra tot_cost=lots*fill*(1+komisyon))
5yil,BSOKE,GTD,2023-07-25,2023-07-25,2023-08-04,2023-08-07,4.0922,4.0922,4.3768,4.4666,MAX_GUN,MAX_GUN,6.6731,7.7638,1338.53,1552.53,False,cikis_tarihi; cikis_fiyati; net_pnl; net_getiri; LOT_FORMULU (paper: int(alloc/((1+komisyon)*fill)); backtest: int(alloc/fill) sonra tot_cost=lots*fill*(1+komisyon))
5yil,BSOKE,GTD,2023-12-05,2023-12-05,2023-12-06,2023-12-06,14.7341,14.7341,13.9554,13.9554,STOP,STOP,-5.8516,-5.8516,-1173.49,-1170.03,False,net_pnl; LOT_FORMULU (paper: int(alloc/((1+komisyon)*fill)); backtest: int(alloc/fill) sonra tot_cost=lots*fill*(1+komisyon))
5yil,BSOKE,GTD,2023-12-06,2023-12-06,2023-12-07,2023-12-07,15.045,15.045,13.7985,13.7985,STOP,STOP,-8.8338,-8.8338,-1771.6,-1766.27,False,net_pnl; LOT_FORMULU (paper: int(alloc/((1+komisyon)*fill)); backtest: int(alloc/fill) sonra tot_cost=lots*fill*(1+komisyon))
5yil,BSOKE,GTD,2023-12-08,2023-12-08,2023-12-11,2023-12-11,15.045,15.045,13.9879,13.9879,STOP,STOP,-7.5824,-7.5824,-1520.64,-1516.06,False,net_pnl; LOT_FORMULU (paper: int(alloc/((1+komisyon)*fill)); backtest: int(alloc/fill) sonra tot_cost=lots*fill*(1+komisyon))
5yil,BSOKE,GTD,2024-02-21,2024-02-21,2024-02-26,2024-02-26,15.4963,15.4963,16.8403,16.8403,TRAILING,TRAILING,7.5274,7.5274,1509.26,1504.58,False,net_pnl; LOT_FORMULU (paper: int(alloc/((1+komisyon)*fill)); backtest: int(alloc/fill) sonra tot_cost=lots*fill*(1+komisyon))
5yil,BSOKE,GTD,2024-04-04,2024-04-04,2024-04-05,2024-04-05,26.6798,26.6798,25.2698,25.2698,STOP,STOP,-5.8515,-5.8515,-1172.82,-1169.69,False,net_pnl; LOT_FORMULU (paper: int(alloc/((1+komisyon)*fill)); backtest: int(alloc/fill) sonra tot_cost=lots*fill*(1+komisyon))
5yil,BSOKE,GTD,2024-06-14,2024-06-14,2024-06-20,2024-06-20,31.8954,31.8954,29.8701,29.8701,STOP,STOP,-6.91,-6.91,-1386.04,-1381.62,False,net_pnl; LOT_FORMULU (paper: int(alloc/((1+komisyon)*fill)); backtest: int(alloc/fill) sonra tot_cost=lots*fill*(1+komisyon))
5yil,BSOKE,GTD,2024-07-04,2024-07-04,2024-07-12,2024-07-12,34.0619,34.0619,36.9957,36.9957,TRAILING,TRAILING,7.4985,7.4985,1503.76,1498.64,False,net_pnl; LOT_FORMULU (paper: int(alloc/((1+komisyon)*fill)); backtest: int(alloc/fill) sonra tot_cost=lots*fill*(1+komisyon))
5yil,BSOKE,GTD,2024-07-17,2024-07-17,2024-07-29,2024-07-29,39.117,39.117,43.868,43.868,MAX_GUN,MAX_GUN,9.2578,9.2578,1856.07,1848.8,False,net_pnl; LOT_FORMULU (paper: int(alloc/((1+komisyon)*fill)); backtest: int(alloc/fill) sonra tot_cost=lots*fill*(1+komisyon))
5yil,BTCIM,ALPHA_B_SIMPLE,2022-07-26,2022-07-26,2022-08-02,2022-08-02,0.6956,0.6956,0.7485,0.7485,TRAILING,TRAILING,6.9898,6.9898,1402.15,1397.96,False,net_pnl; LOT_FORMULU (paper: int(alloc/((1+komisyon)*fill)); backtest: int(alloc/fill) sonra tot_cost=lots*fill*(1+komisyon))
5yil,BTCIM,GTD,2021-10-20,2021-10-20,2021-11-01,2021-11-01,0.4844,0.4844,0.4863,0.4863,MAX_GUN,MAX_GUN,-0.2083,-0.2083,-41.76,-41.66,False,net_pnl; LOT_FORMULU (paper: int(alloc/((1+komisyon)*fill)); backtest: int(alloc/fill) sonra tot_cost=lots*fill*(1+komisyon))
5yil,BTCIM,GTD,2022-10-25,2022-10-25,2022-11-04,2022-11-04,1.4236,1.4236,1.3483,1.3483,STOP,STOP,-5.856,-5.856,-1174.63,-1171.12,False,net_pnl; LOT_FORMULU (paper: int(alloc/((1+komisyon)*fill)); backtest: int(alloc/fill) sonra tot_cost=lots*fill*(1+komisyon))
5yil,BTCIM,GTD,2023-11-30,2023-11-30,2023-12-05,2023-12-05,5.2544,5.2544,5.7196,5.7196,TRAILING,TRAILING,7.6178,7.6178,1528.0,1523.18,False,net_pnl; LOT_FORMULU (paper: int(alloc/((1+komisyon)*fill)); backtest: int(alloc/fill) sonra tot_cost=lots*fill*(1+komisyon))
5yil,BTCIM,GTD,2023-12-06,2023-12-06,2023-12-07,2023-12-07,5.7592,5.7592,4.792,4.792,STOP,STOP,-17.2917,-17.2917,-3468.02,-3458.03,False,net_pnl; LOT_FORMULU (paper: int(alloc/((1+komisyon)*fill)); backtest: int(alloc/fill) sonra tot_cost=lots*fill*(1+komisyon))
5yil,BTCIM,GTD,2024-07-09,2024-07-09,2024-07-16,2024-07-16,5.4356,5.4356,5.1483,5.1483,STOP,STOP,-5.8521,-5.8521,-1173.79,-1170.28,False,net_pnl; LOT_FORMULU (paper: int(alloc/((1+komisyon)*fill)); backtest: int(alloc/fill) sonra tot_cost=lots*fill*(1+komisyon))
5yil,BTCIM,ZT3,2023-07-25,2023-07-25,2023-07-26,2023-07-26,1.6825,1.6825,1.5936,1.5936,STOP,STOP,-5.8504,-5.8504,-1173.58,-1170.03,False,net_pnl; LOT_FORMULU (paper: int(alloc/((1+komisyon)*fill)); backtest: int(alloc/fill) sonra tot_cost=lots*fill*(1+komisyon))
5yil,BTCIM,ZT3,2024-07-29,2024-07-29,2024-08-01,2024-08-01,5.5586,5.5586,5.689,5.689,TRAILING,TRAILING,4.383,4.3822,879.22,876.38,False,net_pnl; LOT_FORMULU (paper: int(alloc/((1+komisyon)*fill)); backtest: int(alloc/fill) sonra tot_cost=lots*fill*(1+komisyon))
5yil,CANTE,ALPHA_B_SIMPLE,2024-11-14,2024-11-14,2024-11-25,2024-11-25,1.5346,1.5346,1.5453,1.5453,MAX_GUN,MAX_GUN,0.0949,0.0949,19.03,18.97,False,net_pnl; LOT_FORMULU (paper: int(alloc/((1+komisyon)*fill)); backtest: int(alloc/fill) sonra tot_cost=lots*fill*(1+komisyon))
5yil,CANTE,GTD,2022-03-07,2022-03-07,2022-03-08,2022-03-08,1.0205,1.0205,0.9666,0.9666,STOP,STOP,-5.8483,-5.8483,-1173.16,-1169.63,False,net_pnl; LOT_FORMULU (paper: int(alloc/((1+komisyon)*fill)); backtest: int(alloc/fill) sonra tot_cost=lots*fill*(1+komisyon))
5yil,CANTE,GTD,2022-03-10,2022-03-10,2022-03-15,2022-03-15,1.0646,1.0646,1.0084,1.0084,STOP,STOP,-5.8456,-5.8456,-1172.6,-1169.11,False,net_pnl; LOT_FORMULU (paper: int(alloc/((1+komisyon)*fill)); backtest: int(alloc/fill) sonra tot_cost=lots*fill*(1+komisyon))
5yil,CANTE,GTD,2022-03-29,2022-03-29,2022-04-06,2022-04-06,1.2324,1.2324,1.3303,1.3303,TRAILING,TRAILING,7.165,7.165,1437.26,1432.92,False,net_pnl; LOT_FORMULU (paper: int(alloc/((1+komisyon)*fill)); backtest: int(alloc/fill) sonra tot_cost=lots*fill*(1+komisyon))
5yil,CANTE,GTD,2022-07-08,2022-07-08,2022-07-18,2022-07-18,2.6561,2.6561,3.1079,3.1079,TRAILING,TRAILING,12.3604,12.3604,2479.21,2471.97,False,net_pnl; LOT_FORMULU (paper: int(alloc/((1+komisyon)*fill)); backtest: int(alloc/fill) sonra tot_cost=lots*fill*(1+komisyon))
5yil,CANTE,GTD,2022-10-12,2022-10-12,2022-10-13,2022-10-13,7.5812,7.5812,7.1617,7.1617,STOP,STOP,-6.0985,-6.0985,-1223.32,-1219.61,False,net_pnl; LOT_FORMULU (paper: int(alloc/((1+komisyon)*fill)); backtest: int(alloc/fill) sonra tot_cost=lots*fill*(1+komisyon))
5yil,CANTE,GTD,2022-11-14,2022-11-14,2022-11-16,2022-11-16,8.6297,8.6297,8.7117,8.7117,TRAILING,TRAILING,3.6876,3.689,739.54,737.6,False,net_pnl; LOT_FORMULU (paper: int(alloc/((1+komisyon)*fill)); backtest: int(alloc/fill) sonra tot_cost=lots*fill*(1+komisyon))
5yil,CANTE,ZT3,2022-03-04,2022-03-04,2022-03-07,2022-03-07,1.0377,1.0377,0.9828,0.9828,STOP,STOP,-5.8571,-5.8571,-1174.91,-1171.38,False,net_pnl; LOT_FORMULU (paper: int(alloc/((1+komisyon)*fill)); backtest: int(alloc/fill) sonra tot_cost=lots*fill*(1+komisyon))
5yil,CANTE,ZT3,2022-05-23,2022-05-23,2022-06-02,2022-06-02,1.9034,1.9034,2.0726,2.0726,MAX_GUN,MAX_GUN,7.6349,7.6348,1531.48,1526.95,False,net_pnl; LOT_FORMULU (paper: int(alloc/((1+komisyon)*fill)); backtest: int(alloc/fill) sonra tot_cost=lots*fill*(1+komisyon))
5yil,CANTE,ZT3,2025-01-08,2025-01-08,2025-01-13,2025-01-13,1.7753,1.7753,1.6814,1.6814,STOP,STOP,-5.8558,-5.8558,-1174.6,-1171.16,False,net_pnl; LOT_FORMULU (paper: int(alloc/((1+komisyon)*fill)); backtest: int(alloc/fill) sonra tot_cost=lots*fill*(1+komisyon))
5yil,CCOLA,ALPHA_B_SIMPLE,2023-03-01,2023-03-01,2023-03-13,2023-03-13,191.573,191.573,207.6751,207.6751,MAX_GUN,MAX_GUN,7.3943,7.3943,1477.63,1477.63,True,ESLESTI
5yil,CCOLA,GTD,2022-01-20,2022-01-20,2022-01-24,2022-01-24,117.1504,117.1504,110.959,110.959,STOP,STOP,-5.8516,-5.8516,-1168.87,-1168.87,True,ESLESTI
5yil,CCOLA,GTD,2022-11-24,2022-11-24,2022-12-05,2022-12-05,190.57,190.57,194.7141,194.7141,MAX_GUN,MAX_GUN,1.5634,1.5634,310.78,310.78,True,ESLESTI
5yil,CCOLA,GTD,2023-04-27,2023-04-27,2023-05-08,2023-05-08,236.708,236.708,244.7436,244.7436,TRAILING,TRAILING,4.904,4.904,978.02,978.02,True,ESLESTI
5yil,CCOLA,GTD,2023-08-09,2023-08-09,2023-08-16,2023-08-16,336.7071,336.7071,368.5361,368.5361,TRAILING,TRAILING,7.9301,7.9301,1580.09,1580.09,True,ESLESTI
5yil,CCOLA,GTD,2023-12-19,2023-12-19,2023-12-29,2024-01-02,479.6847,479.6847,523.9235,520.434,MAX_GUN,MAX_GUN,7.8192,7.4489,1542.43,1469.37,False,cikis_tarihi; cikis_fiyati; net_pnl; net_getiri; LOT_FORMULU (paper: int(alloc/((1+komisyon)*fill)); backtest: int(alloc/fill) sonra tot_cost=lots*fill*(1+komisyon))
5yil,CCOLA,GTD,2024-05-24,2024-05-24,2024-05-30,2024-05-30,781.337,781.337,740.0433,740.0433,STOP,STOP,-5.8516,-5.8516,-1146.45,-1146.45,True,ESLESTI
5yil,CCOLA,GTD,2024-06-04,2024-06-04,2024-06-11,2024-06-11,802.4,802.4,759.9932,759.9932,STOP,STOP,-5.8516,-5.8516,-1130.26,-1130.26,True,ESLESTI
5yil,CCOLA,GTD,2026-01-20,2026-01-20,2026-01-30,2026-01-30,70.1097,70.1097,71.6843,71.6843,MAX_GUN,MAX_GUN,1.6343,1.6343,327.53,326.38,False,net_pnl; LOT_FORMULU (paper: int(alloc/((1+komisyon)*fill)); backtest: int(alloc/fill) sonra tot_cost=lots*fill*(1+komisyon))
5yil,CCOLA,GTD,2026-01-30,2026-01-30,2026-02-09,2026-02-09,72.216,72.216,75.2735,75.2735,MAX_GUN,MAX_GUN,3.6103,3.6103,721.75,721.75,True,ESLESTI
5yil,CIMSA,ALPHA_B_SIMPLE,2024-07-05,2024-07-05,2024-07-16,2024-07-17,33.0188,33.0188,34.8152,34.8152,MAX_GUN,MAX_GUN,5.919,5.919,1185.94,1182.02,False,cikis_tarihi; net_pnl; LOT_FORMULU (paper: int(alloc/((1+komisyon)*fill)); backtest: int(alloc/fill) sonra tot_cost=lots*fill*(1+komisyon))
5yil,CIMSA,ALPHA_B_SIMPLE,2024-08-29,2024-08-29,2024-09-09,2024-09-09,35.5664,35.5664,36.1712,36.1712,MAX_GUN,MAX_GUN,1.0921,1.0921,218.95,218.17,False,net_pnl; LOT_FORMULU (paper: int(alloc/((1+komisyon)*fill)); backtest: int(alloc/fill) sonra tot_cost=lots*fill*(1+komisyon))
5yil,CIMSA,ALPHA_B_SIMPLE,2026-07-22,2026-07-22,2026-07-27,2026-07-27,50.802,50.802,48.1171,48.1171,STOP,STOP,-5.8516,-5.8516,-1171.79,-1168.81,False,net_pnl; LOT_FORMULU (paper: int(alloc/((1+komisyon)*fill)); backtest: int(alloc/fill) sonra tot_cost=lots*fill*(1+komisyon))
5yil,CIMSA,GTD,2022-06-07,2022-06-07,2022-06-08,2022-06-08,5.3961,5.3961,5.1109,5.1109,STOP,STOP,-5.8519,-5.8519,-1173.77,-1170.28,False,net_pnl; LOT_FORMULU (paper: int(alloc/((1+komisyon)*fill)); backtest: int(alloc/fill) sonra tot_cost=lots*fill*(1+komisyon))
5yil,CIMSA,GTD,2023-09-28,2023-09-28,2023-09-29,2023-09-29,44.8484,44.8484,42.3725,42.3725,STOP,STOP,-6.0858,-6.0858,-1218.22,-1215.48,False,net_pnl; LOT_FORMULU (paper: int(alloc/((1+komisyon)*fill)); backtest: int(alloc/fill) sonra tot_cost=lots*fill*(1+komisyon))
5yil,CIMSA,GTD,2025-01-15,2025-01-15,2025-01-27,2025-01-27,48.9665,48.9665,56.3305,56.3305,MAX_GUN,MAX_GUN,10.6912,10.7002,2142.33,2138.88,False,net_pnl; LOT_FORMULU (paper: int(alloc/((1+komisyon)*fill)); backtest: int(alloc/fill) sonra tot_cost=lots*fill*(1+komisyon))
5yil,CIMSA,ZT3,2022-12-26,2022-12-26,2023-01-05,2023-01-05,14.4289,14.4289,13.6664,13.6664,STOP,STOP,-5.8511,-5.8511,-1173.65,-1169.41,False,net_pnl; LOT_FORMULU (paper: int(alloc/((1+komisyon)*fill)); backtest: int(alloc/fill) sonra tot_cost=lots*fill*(1+komisyon))
5yil,CVKMD,ALPHA_B_SIMPLE,2024-01-04,2024-01-04,2024-01-09,2024-01-09,10.9528,10.9528,12.3229,12.3229,TRAILING,TRAILING,9.4338,9.4338,1892.41,1886.19,False,net_pnl; LOT_FORMULU (paper: int(alloc/((1+komisyon)*fill)); backtest: int(alloc/fill) sonra tot_cost=lots*fill*(1+komisyon))
5yil,CVKMD,GTD,2026-01-26,2026-01-26,2026-01-29,2026-01-29,33.0589,33.0589,37.8292,37.8292,TRAILING,TRAILING,10.3885,10.3941,2080.56,2078.23,False,net_pnl; LOT_FORMULU (paper: int(alloc/((1+komisyon)*fill)); backtest: int(alloc/fill) sonra tot_cost=lots*fill*(1+komisyon))
5yil,CWENE,GTD,2023-07-26,2023-07-26,2023-08-02,2023-08-02,29.0306,29.0306,34.1208,34.1208,TRAILING,TRAILING,11.9312,11.9312,2390.17,2383.22,False,net_pnl; LOT_FORMULU (paper: int(alloc/((1+komisyon)*fill)); backtest: int(alloc/fill) sonra tot_cost=lots*fill*(1+komisyon))
5yil,DAPGM,ALPHA_B_SIMPLE,2025-05-16,2025-05-16,2025-05-21,2025-05-21,9.1373,9.1373,9.4526,9.4526,TRAILING,TRAILING,4.932,4.932,988.98,986.27,False,net_pnl; LOT_FORMULU (paper: int(alloc/((1+komisyon)*fill)); backtest: int(alloc/fill) sonra tot_cost=lots*fill*(1+komisyon))
5yil,DAPGM,GTD,2022-04-07,2022-04-07,2022-04-12,2022-04-12,1.8248,1.8248,1.903,1.903,TRAILING,TRAILING,5.3475,5.3473,1072.7,1069.44,False,net_pnl; LOT_FORMULU (paper: int(alloc/((1+komisyon)*fill)); backtest: int(alloc/fill) sonra tot_cost=lots*fill*(1+komisyon))
5yil,DAPGM,GTD,2023-06-19,2023-06-19,2023-06-20,2023-06-20,4.802,4.802,4.4459,4.4459,STOP,STOP,-7.9695,-7.9695,-1598.33,-1593.72,False,net_pnl; LOT_FORMULU (paper: int(alloc/((1+komisyon)*fill)); backtest: int(alloc/fill) sonra tot_cost=lots*fill*(1+komisyon))
5yil,DAPGM,GTD,2023-06-27,2023-06-27,2023-07-07,2023-07-07,5.1002,5.1002,6.2803,6.2803,MAX_GUN,MAX_GUN,14.7188,14.7188,2952.28,2943.25,False,net_pnl; LOT_FORMULU (paper: int(alloc/((1+komisyon)*fill)); backtest: int(alloc/fill) sonra tot_cost=lots*fill*(1+komisyon))
5yil,DAPGM,GTD,2023-08-07,2023-08-07,2023-08-11,2023-08-11,7.6706,7.6706,7.2652,7.2652,STOP,STOP,-5.8517,-5.8517,-1173.69,-1170.09,False,net_pnl; LOT_FORMULU (paper: int(alloc/((1+komisyon)*fill)); backtest: int(alloc/fill) sonra tot_cost=lots*fill*(1+komisyon))
5yil,DAPGM,GTD,2023-08-17,2023-08-17,2023-08-22,2023-08-22,8.5316,8.5316,9.1875,9.1875,TRAILING,TRAILING,7.0379,7.0379,1411.66,1407.45,False,net_pnl; LOT_FORMULU (paper: int(alloc/((1+komisyon)*fill)); backtest: int(alloc/fill) sonra tot_cost=lots*fill*(1+komisyon))
5yil,DAPGM,GTD,2023-11-02,2023-11-02,2023-11-13,2023-11-13,11.8347,11.8347,11.8261,11.8261,MAX_GUN,MAX_GUN,-0.6704,-0.6704,-134.41,-134.02,False,net_pnl; LOT_FORMULU (paper: int(alloc/((1+komisyon)*fill)); backtest: int(alloc/fill) sonra tot_cost=lots*fill*(1+komisyon))
5yil,DAPGM,GTD,2025-01-07,2025-01-07,2025-01-13,2025-01-13,7.3119,7.3119,6.9255,6.9255,STOP,STOP,-5.8511,-5.8511,-1173.62,-1170.19,False,net_pnl; LOT_FORMULU (paper: int(alloc/((1+komisyon)*fill)); backtest: int(alloc/fill) sonra tot_cost=lots*fill*(1+komisyon))
5yil,DOAS,GTD,2022-06-22,2022-06-22,2022-06-27,2022-06-27,78.9361,78.9361,81.8537,81.8537,TRAILING,TRAILING,5.1079,5.116,1023.15,1020.72,False,net_pnl; LOT_FORMULU (paper: int(alloc/((1+komisyon)*fill)); backtest: int(alloc/fill) sonra tot_cost=lots*fill*(1+komisyon))
5yil,DOAS,GTD,2023-07-05,2023-07-05,2023-07-13,2023-07-13,183.1478,183.1478,198.8068,198.8068,TRAILING,TRAILING,7.4702,7.4662,1495.76,1481.25,False,net_pnl; LOT_FORMULU (paper: int(alloc/((1+komisyon)*fill)); backtest: int(alloc/fill) sonra tot_cost=lots*fill*(1+komisyon))
5yil,DOAS,GTD,2026-02-17,2026-02-17,2026-02-19,2026-02-19,242.6257,242.6257,229.8029,229.8029,STOP,STOP,-5.8516,-5.8516,-1167.69,-1167.69,True,ESLESTI
5yil,DOAS,ZT3,2023-06-27,2023-06-27,2023-07-05,2023-07-05,163.0878,163.0878,180.4321,180.4321,TRAILING,TRAILING,8.5025,8.5025,1696.79,1696.79,True,ESLESTI
5yil,DOHOL,ALPHA_B_SIMPLE,2022-03-08,2022-03-08,2022-03-18,2022-03-18,2.9388,2.9388,3.4995,3.4995,MAX_GUN,MAX_GUN,12.7005,12.7005,2547.54,2540.05,False,net_pnl; LOT_FORMULU (paper: int(alloc/((1+komisyon)*fill)); backtest: int(alloc/fill) sonra tot_cost=lots*fill*(1+komisyon))
5yil,DOHOL,ALPHA_B_SIMPLE,2024-04-26,2024-04-26,2024-05-06,2024-05-06,14.2627,14.2627,14.1474,14.1474,MAX_GUN,MAX_GUN,-1.4018,-1.4018,-281.14,-280.34,False,net_pnl; LOT_FORMULU (paper: int(alloc/((1+komisyon)*fill)); backtest: int(alloc/fill) sonra tot_cost=lots*fill*(1+komisyon))
5yil,DOHOL,GTD,2021-11-05,2021-11-05,2021-11-15,2021-11-15,2.8084,2.8084,2.9312,2.9312,MAX_GUN,MAX_GUN,3.7482,3.7482,738.12,737.27,False,net_pnl; LOT_FORMULU (paper: int(alloc/((1+komisyon)*fill)); backtest: int(alloc/fill) sonra tot_cost=lots*fill*(1+komisyon))
5yil,DOHOL,GTD,2026-02-13,2026-02-13,2026-02-19,2026-02-19,22.1262,22.1262,20.9568,20.9568,STOP,STOP,-5.8517,-5.8517,-1172.68,-1170.08,False,net_pnl; LOT_FORMULU (paper: int(alloc/((1+komisyon)*fill)); backtest: int(alloc/fill) sonra tot_cost=lots*fill*(1+komisyon))
5yil,DSTKF,GTD,2025-07-08,2025-07-08,2025-07-18,2025-07-18,367.8502,367.8502,393.0673,393.0673,TRAILING,TRAILING,6.624,6.624,1319.73,1319.73,True,ESLESTI
5yil,DSTKF,GTD,2025-07-21,2025-07-21,2025-07-24,2025-07-24,415.242,415.242,469.5496,469.5496,TRAILING,TRAILING,9.717,9.717,1942.56,1942.56,True,ESLESTI
5yil,DSTKF,GTD,2025-08-28,2025-08-28,2025-09-08,2025-09-08,712.13,712.13,867.5894,867.5894,TRAILING,TRAILING,14.0666,14.0666,2813.25,2813.25,True,ESLESTI
5yil,DSTKF,ZT3,2025-06-19,2025-06-19,2025-06-25,2025-06-25,318.4525,318.4525,331.2657,331.2657,TRAILING,TRAILING,5.2166,5.2166,1033.06,1033.06,True,ESLESTI
5yil,ECILC,GTD,2021-11-23,2021-11-23,2021-12-03,2021-12-03,6.7402,6.7402,7.2083,7.2083,MAX_GUN,MAX_GUN,6.6686,6.6687,1337.59,1333.56,False,net_pnl; LOT_FORMULU (paper: int(alloc/((1+komisyon)*fill)); backtest: int(alloc/fill) sonra tot_cost=lots*fill*(1+komisyon))
5yil,ECILC,GTD,2022-04-20,2022-04-20,2022-04-25,2022-04-25,10.2206,10.2206,9.6805,9.6805,STOP,STOP,-5.851,-5.851,-1173.22,-1169.62,False,net_pnl; LOT_FORMULU (paper: int(alloc/((1+komisyon)*fill)); backtest: int(alloc/fill) sonra tot_cost=lots*fill*(1+komisyon))
5yil,ECILC,GTD,2023-07-04,2023-07-04,2023-07-05,2023-07-05,39.5383,39.5383,37.4487,37.4487,STOP,STOP,-5.8516,-5.8516,-1171.88,-1169.56,False,net_pnl; LOT_FORMULU (paper: int(alloc/((1+komisyon)*fill)); backtest: int(alloc/fill) sonra tot_cost=lots*fill*(1+komisyon))
5yil,ECILC,GTD,2025-09-26,2025-09-26,2025-10-06,2025-10-06,80.9421,80.9421,92.2225,92.2225,MAX_GUN,MAX_GUN,10.1559,10.1433,2036.54,2025.77,False,net_pnl; net_getiri; LOT_FORMULU (paper: int(alloc/((1+komisyon)*fill)); backtest: int(alloc/fill) sonra tot_cost=lots*fill*(1+komisyon))
5yil,ECZYT,GTD,2022-12-27,2022-12-27,2022-12-29,2022-12-29,166.498,166.498,171.5837,171.5837,TRAILING,TRAILING,5.6225,5.5957,1126.73,1112.02,False,net_pnl; net_getiri; LOT_FORMULU (paper: int(alloc/((1+komisyon)*fill)); backtest: int(alloc/fill) sonra tot_cost=lots*fill*(1+komisyon))
5yil,ECZYT,GTD,2025-08-08,2025-08-08,2025-08-18,2025-08-18,221.1615,221.1615,241.7725,241.7725,MAX_GUN,MAX_GUN,7.8487,7.8487,1566.93,1566.93,True,ESLESTI
5yil,ECZYT,ZT3,2025-09-24,2025-09-24,2025-09-30,2025-09-30,237.1092,237.1092,273.9631,273.9631,TRAILING,TRAILING,10.9418,10.9418,2185.84,2185.84,True,ESLESTI
5yil,EFOR,GTD,2024-11-27,2024-11-27,2024-12-09,2024-12-09,7.021,7.021,7.6088,7.6088,TRAILING,TRAILING,7.9942,7.9942,1603.29,1598.79,False,net_pnl; LOT_FORMULU (paper: int(alloc/((1+komisyon)*fill)); backtest: int(alloc/fill) sonra tot_cost=lots*fill*(1+komisyon))
5yil,EFOR,GTD,2024-12-09,2024-12-09,2024-12-19,2024-12-19,7.8033,7.8033,8.2518,8.2518,MAX_GUN,MAX_GUN,5.115,5.115,1026.06,1022.86,False,net_pnl; LOT_FORMULU (paper: int(alloc/((1+komisyon)*fill)); backtest: int(alloc/fill) sonra tot_cost=lots*fill*(1+komisyon))
5yil,EFOR,GTD,2024-12-25,2024-12-25,2025-01-06,2025-01-06,8.6592,8.6592,10.3023,10.3023,MAX_GUN,MAX_GUN,12.6496,12.6472,2536.77,2528.59,False,net_pnl; LOT_FORMULU (paper: int(alloc/((1+komisyon)*fill)); backtest: int(alloc/fill) sonra tot_cost=lots*fill*(1+komisyon))
5yil,EFOR,GTD,2025-02-06,2025-02-06,2025-02-17,2025-02-17,10.8575,10.8575,11.1747,11.1747,MAX_GUN,MAX_GUN,2.3058,2.3058,462.53,461.03,False,net_pnl; LOT_FORMULU (paper: int(alloc/((1+komisyon)*fill)); backtest: int(alloc/fill) sonra tot_cost=lots*fill*(1+komisyon))
5yil,EFOR,GTD,2025-04-11,2025-04-11,2025-04-21,2025-04-21,14.1674,14.1674,14.1325,14.1325,MAX_GUN,MAX_GUN,-0.8431,-0.8431,-169.04,-168.56,False,net_pnl; LOT_FORMULU (paper: int(alloc/((1+komisyon)*fill)); backtest: int(alloc/fill) sonra tot_cost=lots*fill*(1+komisyon))
5yil,EFOR,GTD,2025-05-20,2025-05-20,2025-05-30,2025-05-30,15.9728,15.9728,17.0819,17.0819,MAX_GUN,MAX_GUN,6.6677,6.6677,1337.4,1333.13,False,net_pnl; LOT_FORMULU (paper: int(alloc/((1+komisyon)*fill)); backtest: int(alloc/fill) sonra tot_cost=lots*fill*(1+komisyon))
5yil,EFOR,GTD,2025-06-04,2025-06-04,2025-06-13,2025-06-13,17.3185,17.3185,18.1222,18.1222,TRAILING,TRAILING,5.5234,5.5221,1107.19,1104.05,False,net_pnl; LOT_FORMULU (paper: int(alloc/((1+komisyon)*fill)); backtest: int(alloc/fill) sonra tot_cost=lots*fill*(1+komisyon))
5yil,EFOR,GTD,2025-06-30,2025-06-30,2025-07-10,2025-07-10,19.2409,19.2409,21.1198,21.1198,MAX_GUN,MAX_GUN,8.0714,8.0704,1618.41,1613.54,False,net_pnl; LOT_FORMULU (paper: int(alloc/((1+komisyon)*fill)); backtest: int(alloc/fill) sonra tot_cost=lots*fill*(1+komisyon))
5yil,EFOR,GTD,2025-11-07,2025-11-07,2025-11-11,2025-11-11,25.0416,25.0416,23.7181,23.7181,STOP,STOP,-5.8518,-5.8518,-1172.88,-1169.94,False,net_pnl; LOT_FORMULU (paper: int(alloc/((1+komisyon)*fill)); backtest: int(alloc/fill) sonra tot_cost=lots*fill*(1+komisyon))
5yil,EGEEN,GTD,2023-12-12,2023-12-12,2023-12-13,2023-12-13,12788.25,12788.25,13769.8761,13769.8761,TP1_FULL,TP1_FULL,7.0319,114.0638,901.95,14630.52,False,net_pnl; net_getiri; LOT_FORMULU (paper: int(alloc/((1+komisyon)*fill)); backtest: int(alloc/fill) sonra tot_cost=lots*fill*(1+komisyon))
5yil,EGGUB,ALPHA_B_SIMPLE,2025-03-17,2025-03-17,2025-03-19,2025-03-19,69.2572,69.2572,62.0134,62.0134,STOP,STOP,-10.9949,-10.9949,-2199.63,-2191.99,False,net_pnl; LOT_FORMULU (paper: int(alloc/((1+komisyon)*fill)); backtest: int(alloc/fill) sonra tot_cost=lots*fill*(1+komisyon))
5yil,EGGUB,ALPHA_B_SIMPLE,2026-03-10,2026-03-10,2026-03-17,2026-03-17,107.321,107.321,120.0986,120.0986,TRAILING,TRAILING,9.1342,9.1456,1828.82,1821.25,False,net_pnl; net_getiri; LOT_FORMULU (paper: int(alloc/((1+komisyon)*fill)); backtest: int(alloc/fill) sonra tot_cost=lots*fill*(1+komisyon))
5yil,EGGUB,GTD,2022-11-09,2022-11-09,2022-11-10,2022-11-10,34.764,34.764,32.3626,32.3626,STOP,STOP,-7.4646,-7.4646,-1496.6,-1491.39,False,net_pnl; LOT_FORMULU (paper: int(alloc/((1+komisyon)*fill)); backtest: int(alloc/fill) sonra tot_cost=lots*fill*(1+komisyon))
5yil,EGGUB,GTD,2022-12-23,2022-12-23,2022-12-27,2022-12-27,45.7368,45.7368,43.3197,43.3197,STOP,STOP,-5.8514,-5.8514,-1173.03,-1167.66,False,net_pnl; LOT_FORMULU (paper: int(alloc/((1+komisyon)*fill)); backtest: int(alloc/fill) sonra tot_cost=lots*fill*(1+komisyon))
5yil,EGGUB,GTD,2023-07-05,2023-07-05,2023-07-14,2023-07-14,32.8583,32.8583,35.1393,35.1393,TRAILING,TRAILING,6.667,6.667,1335.93,1331.53,False,net_pnl; LOT_FORMULU (paper: int(alloc/((1+komisyon)*fill)); backtest: int(alloc/fill) sonra tot_cost=lots*fill*(1+komisyon))
5yil,EGGUB,GTD,2023-07-18,2023-07-18,2023-07-19,2023-07-19,36.8101,36.8101,34.7754,34.7754,STOP,STOP,-6.0927,-6.0927,-1221.45,-1216.96,False,net_pnl; LOT_FORMULU (paper: int(alloc/((1+komisyon)*fill)); backtest: int(alloc/fill) sonra tot_cost=lots*fill*(1+komisyon))
5yil,EGGUB,GTD,2023-07-25,2023-07-25,2023-08-04,2023-08-04,36.6296,36.6296,38.0854,38.0854,MAX_GUN,MAX_GUN,3.3524,3.3524,672.48,670.02,False,net_pnl; LOT_FORMULU (paper: int(alloc/((1+komisyon)*fill)); backtest: int(alloc/fill) sonra tot_cost=lots*fill*(1+komisyon))
5yil,EGGUB,ZT3,2024-08-22,2024-08-22,2024-08-26,2024-08-26,64.4929,64.4929,69.3787,69.3787,TRAILING,TRAILING,7.0955,7.095,1422.84,1418.15,False,net_pnl; LOT_FORMULU (paper: int(alloc/((1+komisyon)*fill)); backtest: int(alloc/fill) sonra tot_cost=lots*fill*(1+komisyon))
5yil,EKGYO,GTD,2022-11-22,2022-11-22,2022-11-30,2022-11-30,5.7973,5.7973,6.8953,6.8953,TRAILING,TRAILING,12.6317,12.6317,2533.28,2525.93,False,net_pnl; LOT_FORMULU (paper: int(alloc/((1+komisyon)*fill)); backtest: int(alloc/fill) sonra tot_cost=lots*fill*(1+komisyon))
5yil,EKGYO,GTD,2024-01-19,2024-01-19,2024-01-26,2024-01-26,9.0069,9.0069,9.4999,9.4999,TRAILING,TRAILING,5.9374,5.9369,1190.77,1186.91,False,net_pnl; LOT_FORMULU (paper: int(alloc/((1+komisyon)*fill)); backtest: int(alloc/fill) sonra tot_cost=lots*fill*(1+komisyon))
5yil,EKGYO,GTD,2024-12-05,2024-12-05,2024-12-06,2024-12-06,13.7612,13.7612,13.0339,13.0339,STOP,STOP,-5.8517,-5.8517,-1173.57,-1170.34,False,net_pnl; LOT_FORMULU (paper: int(alloc/((1+komisyon)*fill)); backtest: int(alloc/fill) sonra tot_cost=lots*fill*(1+komisyon))
5yil,ENERY,ALPHA_B_SIMPLE,2024-06-24,2024-06-24,2024-07-04,2024-07-04,3.1689,3.1689,3.0359,3.0359,MAX_GUN,MAX_GUN,-4.7701,-4.7701,-956.84,-953.96,False,net_pnl; LOT_FORMULU (paper: int(alloc/((1+komisyon)*fill)); backtest: int(alloc/fill) sonra tot_cost=lots*fill*(1+komisyon))
5yil,ENERY,GTD,2024-10-18,2024-10-18,2024-10-21,2024-10-21,3.8944,3.8944,3.6886,3.6886,STOP,STOP,-5.8511,-5.8511,-1173.6,-1170.17,False,net_pnl; LOT_FORMULU (paper: int(alloc/((1+komisyon)*fill)); backtest: int(alloc/fill) sonra tot_cost=lots*fill*(1+komisyon))
5yil,ENERY,GTD,2025-07-28,2025-07-28,2025-08-07,2025-08-07,8.2547,8.2547,9.1325,9.1325,MAX_GUN,MAX_GUN,8.5024,8.503,1704.98,1700.17,False,net_pnl; LOT_FORMULU (paper: int(alloc/((1+komisyon)*fill)); backtest: int(alloc/fill) sonra tot_cost=lots*fill*(1+komisyon))
5yil,ENERY,ZT3,2025-09-05,2025-09-05,2025-09-08,2025-09-08,11.6348,11.6348,11.0199,11.0199,STOP,STOP,-5.8516,-5.8516,-1173.16,-1169.75,False,net_pnl; LOT_FORMULU (paper: int(alloc/((1+komisyon)*fill)); backtest: int(alloc/fill) sonra tot_cost=lots*fill*(1+komisyon))
5yil,ENJSA,ALPHA_B_SIMPLE,2024-01-16,2024-01-16,2024-01-26,2024-01-26,49.6485,49.6485,51.0962,51.0962,MAX_GUN,MAX_GUN,2.3003,2.3003,460.48,459.33,False,net_pnl; LOT_FORMULU (paper: int(alloc/((1+komisyon)*fill)); backtest: int(alloc/fill) sonra tot_cost=lots*fill*(1+komisyon))
5yil,ENJSA,ALPHA_B_SIMPLE,2024-11-12,2024-11-12,2024-11-22,2024-11-22,59.2271,59.2271,59.82,59.82,MAX_GUN,MAX_GUN,0.3969,0.3969,79.45,79.21,False,net_pnl; LOT_FORMULU (paper: int(alloc/((1+komisyon)*fill)); backtest: int(alloc/fill) sonra tot_cost=lots*fill*(1+komisyon))
5yil,ENJSA,ALPHA_B_SIMPLE,2025-03-06,2025-03-06,2025-03-17,2025-03-17,66.1478,66.1478,66.5996,66.5996,MAX_GUN,MAX_GUN,0.0807,0.0807,16.17,16.12,False,net_pnl; LOT_FORMULU (paper: int(alloc/((1+komisyon)*fill)); backtest: int(alloc/fill) sonra tot_cost=lots*fill*(1+komisyon))
5yil,ENJSA,ALPHA_B_SIMPLE,2025-09-26,2025-09-26,2025-09-29,2025-09-29,81.1928,81.1928,76.9018,76.9018,STOP,STOP,-5.8515,-5.8515,-1172.26,-1167.49,False,net_pnl; LOT_FORMULU (paper: int(alloc/((1+komisyon)*fill)); backtest: int(alloc/fill) sonra tot_cost=lots*fill*(1+komisyon))
5yil,ENJSA,GTD,2022-08-31,2022-08-31,2022-09-12,2022-09-12,17.2416,17.2416,18.5442,18.5442,MAX_GUN,MAX_GUN,6.9116,6.9116,1385.29,1381.7,False,net_pnl; LOT_FORMULU (paper: int(alloc/((1+komisyon)*fill)); backtest: int(alloc/fill) sonra tot_cost=lots*fill*(1+komisyon))
5yil,ENJSA,GTD,2022-11-17,2022-11-17,2022-11-25,2022-11-25,25.8975,25.8975,26.5013,26.5013,TRAILING,TRAILING,4.3756,4.3722,877.44,873.34,False,net_pnl; LOT_FORMULU (paper: int(alloc/((1+komisyon)*fill)); backtest: int(alloc/fill) sonra tot_cost=lots*fill*(1+komisyon))
5yil,ENJSA,GTD,2022-12-28,2022-12-28,2023-01-05,2023-01-05,36.4891,36.4891,34.5606,34.5606,STOP,STOP,-5.8517,-5.8517,-1173.62,-1169.34,False,net_pnl; LOT_FORMULU (paper: int(alloc/((1+komisyon)*fill)); backtest: int(alloc/fill) sonra tot_cost=lots*fill*(1+komisyon))
5yil,ENJSA,GTD,2023-08-02,2023-08-02,2023-08-04,2023-08-04,50.6515,50.6515,47.9745,47.9745,STOP,STOP,-5.8517,-5.8517,-1171.31,-1168.34,False,net_pnl; LOT_FORMULU (paper: int(alloc/((1+komisyon)*fill)); backtest: int(alloc/fill) sonra tot_cost=lots*fill*(1+komisyon))
5yil,ENJSA,GTD,2025-08-19,2025-08-19,2025-08-29,2025-08-29,71.213,71.213,78.763,78.763,MAX_GUN,MAX_GUN,8.4861,8.4861,1697.18,1697.18,True,ESLESTI
5yil,ENJSA,GTD,2025-12-09,2025-12-09,2025-12-18,2025-12-18,85.2048,85.2048,88.4339,88.4339,TRAILING,TRAILING,5.1004,5.1004,1019.96,1019.96,True,ESLESTI
5yil,ENJSA,GTD,2026-02-06,2026-02-06,2026-02-16,2026-02-16,107.321,107.321,110.4676,110.4676,TRAILING,TRAILING,5.1327,5.1174,1027.64,1019.09,False,net_pnl; net_getiri; LOT_FORMULU (paper: int(alloc/((1+komisyon)*fill)); backtest: int(alloc/fill) sonra tot_cost=lots*fill*(1+komisyon))
5yil,ENJSA,ZT3,2025-11-03,2025-11-03,2025-11-05,2025-11-05,82.7475,82.7475,78.3743,78.3743,STOP,STOP,-5.8516,-5.8516,-1170.43,-1165.58,False,net_pnl; LOT_FORMULU (paper: int(alloc/((1+komisyon)*fill)); backtest: int(alloc/fill) sonra tot_cost=lots*fill*(1+komisyon))
5yil,ENKAI,GTD,2021-12-20,2021-12-20,2021-12-21,2021-12-21,16.7755,16.7755,15.8889,15.8889,STOP,STOP,-5.8517,-5.8517,-1173.64,-1169.7,False,net_pnl; LOT_FORMULU (paper: int(alloc/((1+komisyon)*fill)); backtest: int(alloc/fill) sonra tot_cost=lots*fill*(1+komisyon))
5yil,ENKAI,GTD,2026-01-29,2026-01-29,2026-02-09,2026-02-09,91.273,91.273,96.9583,96.9583,MAX_GUN,MAX_GUN,5.5934,5.5934,1121.41,1116.29,False,net_pnl; LOT_FORMULU (paper: int(alloc/((1+komisyon)*fill)); backtest: int(alloc/fill) sonra tot_cost=lots*fill*(1+komisyon))
5yil,ENTRA,ALPHA_B_SIMPLE,2025-02-28,2025-02-28,2025-03-10,2025-03-10,3.5457,3.5457,3.9888,3.9888,TRAILING,TRAILING,9.4283,9.4287,1891.11,1885.49,False,net_pnl; LOT_FORMULU (paper: int(alloc/((1+komisyon)*fill)); backtest: int(alloc/fill) sonra tot_cost=lots*fill*(1+komisyon))
5yil,ENTRA,ALPHA_B_SIMPLE,2026-04-03,2026-04-03,2026-04-13,2026-04-13,4.8807,4.8807,4.6467,4.6467,MAX_GUN,MAX_GUN,-5.3639,-5.3639,-1075.8,-1072.65,False,net_pnl; LOT_FORMULU (paper: int(alloc/((1+komisyon)*fill)); backtest: int(alloc/fill) sonra tot_cost=lots*fill*(1+komisyon))
5yil,ESEN,GTD,2025-02-05,2025-02-05,2025-02-07,2025-02-07,4.1954,4.1954,3.9736,3.9736,STOP,STOP,-5.8533,-5.8533,-1174.15,-1170.45,False,net_pnl; LOT_FORMULU (paper: int(alloc/((1+komisyon)*fill)); backtest: int(alloc/fill) sonra tot_cost=lots*fill*(1+komisyon))
5yil,ESEN,GTD,2025-02-19,2025-02-19,2025-02-28,2025-02-28,4.3559,4.3559,5.3988,5.3988,TRAILING,TRAILING,15.1186,15.1186,3032.47,3023.23,False,net_pnl; LOT_FORMULU (paper: int(alloc/((1+komisyon)*fill)); backtest: int(alloc/fill) sonra tot_cost=lots*fill*(1+komisyon))
5yil,ESEN,GTD,2025-10-08,2025-10-08,2025-10-20,2025-10-21,14.3028,14.3028,15.2043,14.7755,MAX_GUN,TRAILING,6.3495,4.8595,1273.42,971.8,False,cikis_tarihi; cikis_nedeni; cikis_fiyati; net_pnl; net_getiri; LOT_FORMULU (paper: int(alloc/((1+komisyon)*fill)); backtest: int(alloc/fill) sonra tot_cost=lots*fill*(1+komisyon))
5yil,EUPWR,GTD,2023-08-02,2023-08-02,2023-08-04,2023-08-04,64.8607,64.8607,69.0156,69.0156,TRAILING,TRAILING,6.4007,6.3986,1282.51,1277.93,False,net_pnl; LOT_FORMULU (paper: int(alloc/((1+komisyon)*fill)); backtest: int(alloc/fill) sonra tot_cost=lots*fill*(1+komisyon))
5yil,EUPWR,GTD,2026-01-15,2026-01-15,2026-01-20,2026-01-20,38.5754,38.5754,40.5001,40.5001,TRAILING,TRAILING,5.6966,5.6966,1141.71,1137.3,False,net_pnl; LOT_FORMULU (paper: int(alloc/((1+komisyon)*fill)); backtest: int(alloc/fill) sonra tot_cost=lots*fill*(1+komisyon))
5yil,EUPWR,GTD,2026-05-27,2026-05-27,2026-06-01,2026-06-01,76.3283,76.3283,72.2944,72.2944,STOP,STOP,-5.8515,-5.8515,-1173.7,-1169.22,False,net_pnl; LOT_FORMULU (paper: int(alloc/((1+komisyon)*fill)); backtest: int(alloc/fill) sonra tot_cost=lots*fill*(1+komisyon))
5yil,EUREN,GTD,2022-11-16,2022-11-16,2022-11-24,2022-11-24,13.9216,13.9216,17.713,17.713,TRAILING,TRAILING,17.5013,17.5013,3509.25,3499.47,False,net_pnl; LOT_FORMULU (paper: int(alloc/((1+komisyon)*fill)); backtest: int(alloc/fill) sonra tot_cost=lots*fill*(1+komisyon))
5yil,EUREN,ZT3,2022-09-05,2022-09-05,2022-09-06,2022-09-06,7.9075,7.9075,7.4896,7.4896,STOP,STOP,-5.8514,-5.8514,-1173.69,-1169.97,False,net_pnl; LOT_FORMULU (paper: int(alloc/((1+komisyon)*fill)); backtest: int(alloc/fill) sonra tot_cost=lots*fill*(1+komisyon))
5yil,FENER,ALPHA_B_SIMPLE,2022-12-13,2022-12-13,2022-12-15,2022-12-15,73.6703,73.6703,69.7768,69.7768,STOP,STOP,-5.8516,-5.8516,-1171.76,-1167.44,False,net_pnl; LOT_FORMULU (paper: int(alloc/((1+komisyon)*fill)); backtest: int(alloc/fill) sonra tot_cost=lots*fill*(1+komisyon))
5yil,FROTO,ALPHA_B_SIMPLE,2026-01-08,2026-01-08,2026-01-19,2026-01-19,97.8427,97.8427,103.3889,103.3889,MAX_GUN,MAX_GUN,6.0341,6.0292,1208.02,1201.12,False,net_pnl; LOT_FORMULU (paper: int(alloc/((1+komisyon)*fill)); backtest: int(alloc/fill) sonra tot_cost=lots*fill*(1+komisyon))
5yil,FROTO,GTD,2024-05-20,2024-05-20,2024-05-24,2024-05-24,121.0621,121.0621,114.664,114.664,STOP,STOP,-5.8516,-5.8516,-1172.37,-1165.27,False,net_pnl; LOT_FORMULU (paper: int(alloc/((1+komisyon)*fill)); backtest: int(alloc/fill) sonra tot_cost=lots*fill*(1+komisyon))
5yil,GARAN,ALPHA_B_SIMPLE,2023-11-24,2023-11-24,2023-12-04,2023-12-04,50.4007,50.4007,57.7263,57.7263,MAX_GUN,MAX_GUN,10.4408,10.4494,2090.09,2086.53,False,net_pnl; LOT_FORMULU (paper: int(alloc/((1+komisyon)*fill)); backtest: int(alloc/fill) sonra tot_cost=lots*fill*(1+komisyon))
5yil,GARAN,GTD,2022-04-05,2022-04-05,2022-04-15,2022-04-15,12.6679,12.6679,13.8583,13.8583,MAX_GUN,MAX_GUN,7.8873,7.8873,1581.39,1577.38,False,net_pnl; LOT_FORMULU (paper: int(alloc/((1+komisyon)*fill)); backtest: int(alloc/fill) sonra tot_cost=lots*fill*(1+komisyon))
5yil,GARAN,GTD,2023-12-07,2023-12-07,2023-12-08,2023-12-08,60.18,60.18,56.9995,56.9995,STOP,STOP,-5.8516,-5.8516,-1172.64,-1169.1,False,net_pnl; LOT_FORMULU (paper: int(alloc/((1+komisyon)*fill)); backtest: int(alloc/fill) sonra tot_cost=lots*fill*(1+komisyon))
5yil,GENIL,ALPHA_B_SIMPLE,2025-11-12,2025-11-12,2025-11-13,2025-11-13,13.2463,13.2463,12.5462,12.5462,STOP,STOP,-5.8518,-5.8518,-1173.21,-1170.1,False,net_pnl; LOT_FORMULU (paper: int(alloc/((1+komisyon)*fill)); backtest: int(alloc/fill) sonra tot_cost=lots*fill*(1+komisyon))
5yil,GENIL,GTD,2022-07-14,2022-07-14,2022-07-25,2022-07-25,1.3708,1.3708,1.4237,1.4237,MAX_GUN,MAX_GUN,3.2378,3.2378,649.5,647.54,False,net_pnl; LOT_FORMULU (paper: int(alloc/((1+komisyon)*fill)); backtest: int(alloc/fill) sonra tot_cost=lots*fill*(1+komisyon))
5yil,GENIL,GTD,2022-11-01,2022-11-01,2022-11-11,2022-11-14,1.899,1.899,1.994,2.0033,MAX_GUN,TRAILING,5.7013,5.9448,1143.59,1188.93,False,cikis_tarihi; cikis_nedeni; cikis_fiyati; net_pnl; net_getiri; LOT_FORMULU (paper: int(alloc/((1+komisyon)*fill)); backtest: int(alloc/fill) sonra tot_cost=lots*fill*(1+komisyon))
5yil,GENIL,GTD,2023-01-31,2023-01-31,2023-02-01,2023-02-01,3.8716,3.8716,3.667,3.667,STOP,STOP,-5.8512,-5.8512,-1173.57,-1170.16,False,net_pnl; LOT_FORMULU (paper: int(alloc/((1+komisyon)*fill)); backtest: int(alloc/fill) sonra tot_cost=lots*fill*(1+komisyon))
5yil,GENIL,GTD,2024-02-26,2024-02-26,2024-02-27,2024-02-27,4.9147,4.9147,4.655,4.655,STOP,STOP,-5.8507,-5.8507,-1173.54,-1170.08,False,net_pnl; LOT_FORMULU (paper: int(alloc/((1+komisyon)*fill)); backtest: int(alloc/fill) sonra tot_cost=lots*fill*(1+komisyon))
5yil,GENIL,GTD,2024-09-02,2024-09-02,2024-09-10,2024-09-10,5.7973,5.7973,5.9986,5.9986,TRAILING,TRAILING,4.942,4.942,991.11,988.24,False,net_pnl; LOT_FORMULU (paper: int(alloc/((1+komisyon)*fill)); backtest: int(alloc/fill) sonra tot_cost=lots*fill*(1+komisyon))
5yil,GENIL,GTD,2025-08-13,2025-08-13,2025-08-15,2025-08-15,13.1059,13.1059,12.4132,12.4132,STOP,STOP,-5.852,-5.852,-1173.89,-1170.04,False,net_pnl; LOT_FORMULU (paper: int(alloc/((1+komisyon)*fill)); backtest: int(alloc/fill) sonra tot_cost=lots*fill*(1+komisyon))
5yil,GESAN,GTD,2023-04-14,2023-04-14,2023-04-18,2023-04-18,84.6532,84.6532,80.1792,80.1792,STOP,STOP,-5.8517,-5.8517,-1172.57,-1167.6,False,net_pnl; LOT_FORMULU (paper: int(alloc/((1+komisyon)*fill)); backtest: int(alloc/fill) sonra tot_cost=lots*fill*(1+komisyon))
5yil,GESAN,GTD,2026-01-13,2026-01-13,2026-01-20,2026-01-20,50.0296,50.0296,51.8565,51.8565,TRAILING,TRAILING,5.0267,5.0318,1006.44,1004.92,False,net_pnl; LOT_FORMULU (paper: int(alloc/((1+komisyon)*fill)); backtest: int(alloc/fill) sonra tot_cost=lots*fill*(1+komisyon))
5yil,GESAN,ZT3,2022-12-14,2022-12-14,2022-12-15,2022-12-15,72.4667,72.4667,68.6369,68.6369,STOP,STOP,-5.8515,-5.8515,-1169.61,-1169.61,True,ESLESTI
5yil,GLYHO,GTD,2025-01-17,2025-01-17,2025-01-27,2025-01-27,6.1852,6.1852,5.9089,5.9089,MAX_GUN,MAX_GUN,-5.0386,-5.0386,-1010.58,-1007.45,False,net_pnl; LOT_FORMULU (paper: int(alloc/((1+komisyon)*fill)); backtest: int(alloc/fill) sonra tot_cost=lots*fill*(1+komisyon))
5yil,GLYHO,GTD,2025-12-05,2025-12-05,2025-12-15,2025-12-15,12.4974,12.4974,12.3827,12.3827,MAX_GUN,MAX_GUN,-1.5105,-1.5105,-302.94,-302.0,False,net_pnl; LOT_FORMULU (paper: int(alloc/((1+komisyon)*fill)); backtest: int(alloc/fill) sonra tot_cost=lots*fill*(1+komisyon))
5yil,GRSEL,ALPHA_B_SIMPLE,2024-01-24,2024-01-24,2024-01-31,2024-01-31,67.7025,67.7025,71.8413,71.8413,TRAILING,TRAILING,6.2525,6.2551,1252.51,1248.79,False,net_pnl; LOT_FORMULU (paper: int(alloc/((1+komisyon)*fill)); backtest: int(alloc/fill) sonra tot_cost=lots*fill*(1+komisyon))
5yil,GRSEL,ALPHA_B_SIMPLE,2026-01-19,2026-01-19,2026-01-29,2026-01-29,355.5635,355.5635,375.6198,375.6198,MAX_GUN,MAX_GUN,6.0203,6.0203,1202.34,1202.34,True,ESLESTI
5yil,GRSEL,GTD,2022-11-23,2022-11-23,2022-11-24,2022-11-24,19.5886,19.5886,18.5534,18.5534,STOP,STOP,-5.8513,-5.8513,-1173.77,-1169.17,False,net_pnl; LOT_FORMULU (paper: int(alloc/((1+komisyon)*fill)); backtest: int(alloc/fill) sonra tot_cost=lots*fill*(1+komisyon))
5yil,GRSEL,GTD,2024-02-15,2024-02-15,2024-02-19,2024-02-19,87.261,87.261,82.6492,82.6492,STOP,STOP,-5.8517,-5.8517,-1172.83,-1167.71,False,net_pnl; LOT_FORMULU (paper: int(alloc/((1+komisyon)*fill)); backtest: int(alloc/fill) sonra tot_cost=lots*fill*(1+komisyon))
5yil,GRSEL,GTD,2024-05-10,2024-05-10,2024-05-15,2024-05-15,117.9528,117.9528,126.1604,126.1604,TRAILING,TRAILING,6.6731,6.6731,1334.2,1334.2,True,ESLESTI
5yil,GRSEL,GTD,2025-04-29,2025-04-29,2025-05-09,2025-05-09,295.3835,295.3835,308.8207,308.8207,MAX_GUN,MAX_GUN,3.9237,3.9237,778.85,778.85,True,ESLESTI
5yil,GRSEL,GTD,2026-07-28,2026-07-28,2026-08-07,2026-08-07,345.032,345.032,338.4815,338.4815,MAX_GUN,MAX_GUN,-2.4854,-2.4854,-490.26,-490.26,True,ESLESTI
5yil,GRTHO,GTD,2024-07-31,2024-07-31,2024-08-05,2024-08-05,78.585,78.585,71.5348,71.5348,STOP,STOP,-9.516,-9.516,-1905.14,-1897.64,False,net_pnl; LOT_FORMULU (paper: int(alloc/((1+komisyon)*fill)); backtest: int(alloc/fill) sonra tot_cost=lots*fill*(1+komisyon))
5yil,GRTHO,GTD,2024-08-08,2024-08-08,2024-08-13,2024-08-13,84.252,84.252,95.3132,95.3132,TRAILING,TRAILING,9.9922,9.9818,2001.2,1990.68,False,net_pnl; net_getiri; LOT_FORMULU (paper: int(alloc/((1+komisyon)*fill)); backtest: int(alloc/fill) sonra tot_cost=lots*fill*(1+komisyon))
5yil,GRTHO,GTD,2024-12-02,2024-12-02,2024-12-05,2024-12-05,156.6686,156.6686,148.3887,148.3887,STOP,STOP,-5.8516,-5.8516,-1167.77,-1167.77,True,ESLESTI
5yil,GRTHO,GTD,2025-01-24,2025-01-24,2025-01-28,2025-01-28,178.1328,178.1328,168.7185,168.7185,STOP,STOP,-5.8516,-5.8516,-1170.94,-1160.49,False,net_pnl; LOT_FORMULU (paper: int(alloc/((1+komisyon)*fill)); backtest: int(alloc/fill) sonra tot_cost=lots*fill*(1+komisyon))
5yil,GRTHO,GTD,2025-02-14,2025-02-14,2025-02-21,2025-02-21,194.582,194.582,226.3689,226.3689,TRAILING,TRAILING,11.336,11.336,2256.65,2256.65,True,ESLESTI
5yil,GRTHO,GTD,2025-02-26,2025-02-26,2025-03-06,2025-03-06,233.4984,233.4984,268.9906,268.9906,TRAILING,TRAILING,10.8155,10.8155,2153.03,2153.03,True,ESLESTI
5yil,GRTHO,GTD,2025-07-31,2025-07-31,2025-08-04,2025-08-04,463.8875,463.8875,439.371,439.371,STOP,STOP,-5.8516,-5.8516,-1170.73,-1143.5,False,net_pnl; LOT_FORMULU (paper: int(alloc/((1+komisyon)*fill)); backtest: int(alloc/fill) sonra tot_cost=lots*fill*(1+komisyon))
5yil,GSRAY,GTD,2022-05-27,2022-05-27,2022-06-06,2022-06-06,2.1103,2.1103,2.1465,2.1465,MAX_GUN,MAX_GUN,1.1069,1.1069,222.04,221.36,False,net_pnl; LOT_FORMULU (paper: int(alloc/((1+komisyon)*fill)); backtest: int(alloc/fill) sonra tot_cost=lots*fill*(1+komisyon))
5yil,GSRAY,GTD,2022-08-17,2022-08-17,2022-08-18,2022-08-18,3.3645,3.3645,3.1867,3.1867,STOP,STOP,-5.8512,-5.8512,-1173.66,-1170.11,False,net_pnl; LOT_FORMULU (paper: int(alloc/((1+komisyon)*fill)); backtest: int(alloc/fill) sonra tot_cost=lots*fill*(1+komisyon))
5yil,GSRAY,ZT3,2023-01-16,2023-01-16,2023-01-18,2023-01-18,4.7386,4.7386,4.4882,4.4882,STOP,STOP,-5.8509,-5.8509,-1173.5,-1170.16,False,net_pnl; LOT_FORMULU (paper: int(alloc/((1+komisyon)*fill)); backtest: int(alloc/fill) sonra tot_cost=lots*fill*(1+komisyon))
5yil,GSRAY,ZT3,2024-02-13,2024-02-13,2024-02-23,2024-02-23,7.5225,7.5225,7.3678,7.3678,MAX_GUN,MAX_GUN,-2.6424,-2.6424,-529.93,-528.33,False,net_pnl; LOT_FORMULU (paper: int(alloc/((1+komisyon)*fill)); backtest: int(alloc/fill) sonra tot_cost=lots*fill*(1+komisyon))
5yil,GUBRF,GTD,2022-08-29,2022-08-29,2022-09-01,2022-09-01,107.321,107.321,116.4047,116.4047,TRAILING,TRAILING,9.7752,9.7646,1957.15,1944.52,False,net_pnl; net_getiri; LOT_FORMULU (paper: int(alloc/((1+komisyon)*fill)); backtest: int(alloc/fill) sonra tot_cost=lots*fill*(1+komisyon))
5yil,GUBRF,GTD,2023-01-10,2023-01-10,2023-01-11,2023-01-11,287.9613,287.9613,269.3894,269.3894,STOP,STOP,-7.0091,-7.0091,-1396.83,-1396.83,True,ESLESTI
5yil,GUBRF,GTD,2025-01-02,2025-01-02,2025-01-13,2025-01-13,287.861,287.861,279.16,279.16,MAX_GUN,MAX_GUN,-3.6028,-3.6028,-717.74,-717.74,True,ESLESTI
5yil,GWIND,ALPHA_B_SIMPLE,2023-07-04,2023-07-04,2023-07-05,2023-07-05,18.9229,18.9229,17.9229,17.9229,STOP,STOP,-5.8512,-5.8512,-1172.73,-1169.4,False,net_pnl; LOT_FORMULU (paper: int(alloc/((1+komisyon)*fill)); backtest: int(alloc/fill) sonra tot_cost=lots*fill*(1+komisyon))
5yil,GWIND,GTD,2022-01-05,2022-01-05,2022-01-06,2022-01-06,6.2977,6.2977,5.9649,5.9649,STOP,STOP,-5.8511,-5.8511,-1173.44,-1170.12,False,net_pnl; LOT_FORMULU (paper: int(alloc/((1+komisyon)*fill)); backtest: int(alloc/fill) sonra tot_cost=lots*fill*(1+komisyon))
5yil,GWIND,GTD,2022-01-31,2022-01-31,2022-02-03,2022-02-03,7.5095,7.5095,7.1126,7.1126,STOP,STOP,-5.8519,-5.8519,-1173.76,-1170.23,False,net_pnl; LOT_FORMULU (paper: int(alloc/((1+komisyon)*fill)); backtest: int(alloc/fill) sonra tot_cost=lots*fill*(1+komisyon))
5yil,GWIND,GTD,2022-07-21,2022-07-21,2022-07-26,2022-07-26,8.8605,8.8605,9.474,9.474,TRAILING,TRAILING,6.6578,6.6579,1335.43,1331.32,False,net_pnl; LOT_FORMULU (paper: int(alloc/((1+komisyon)*fill)); backtest: int(alloc/fill) sonra tot_cost=lots*fill*(1+komisyon))
5yil,GWIND,ZT3,2022-11-04,2022-11-04,2022-11-14,2022-11-15,20.6612,20.6612,22.4334,24.6648,MAX_GUN,MAX_GUN,7.4805,12.8537,1499.04,2570.47,False,cikis_tarihi; cikis_fiyati; net_pnl; net_getiri; LOT_FORMULU (paper: int(alloc/((1+komisyon)*fill)); backtest: int(alloc/fill) sonra tot_cost=lots*fill*(1+komisyon))
5yil,GWIND,ZT3,2024-05-24,2024-05-24,2024-05-30,2024-05-30,30.2906,30.2906,28.6898,28.6898,STOP,STOP,-5.8514,-5.8514,-1173.31,-1169.75,False,net_pnl; LOT_FORMULU (paper: int(alloc/((1+komisyon)*fill)); backtest: int(alloc/fill) sonra tot_cost=lots*fill*(1+komisyon))
5yil,GWIND,ZT3,2025-08-26,2025-08-26,2025-08-28,2025-08-28,28.5654,28.5654,27.0557,27.0557,STOP,STOP,-5.8517,-5.8517,-1173.59,-1170.24,False,net_pnl; LOT_FORMULU (paper: int(alloc/((1+komisyon)*fill)); backtest: int(alloc/fill) sonra tot_cost=lots*fill*(1+komisyon))
5yil,HALKB,GTD,2022-08-18,2022-08-18,2022-08-22,2022-08-22,5.9478,5.9478,5.6231,5.6231,STOP,STOP,-6.0247,-6.0247,-1208.35,-1204.75,False,net_pnl; LOT_FORMULU (paper: int(alloc/((1+komisyon)*fill)); backtest: int(alloc/fill) sonra tot_cost=lots*fill*(1+komisyon))
5yil,HEKTS,GTD,2022-09-30,2022-09-30,2022-10-06,2022-10-06,15.748,15.748,17.2913,17.2913,TRAILING,TRAILING,8.0875,8.0875,1622.34,1617.23,False,net_pnl; LOT_FORMULU (paper: int(alloc/((1+komisyon)*fill)); backtest: int(alloc/fill) sonra tot_cost=lots*fill*(1+komisyon))
5yil,IEYHO,ALPHA_B_SIMPLE,2022-03-21,2022-03-21,2022-03-23,2022-03-23,0.8726,0.8726,0.8265,0.8265,STOP,STOP,-5.8497,-5.8497,-1173.44,-1169.91,False,net_pnl; LOT_FORMULU (paper: int(alloc/((1+komisyon)*fill)); backtest: int(alloc/fill) sonra tot_cost=lots*fill*(1+komisyon))
5yil,IEYHO,GTD,2022-08-09,2022-08-09,2022-08-17,2022-08-17,0.8726,0.8726,0.9093,0.9093,TRAILING,TRAILING,5.3083,5.3082,1064.84,1061.62,False,net_pnl; LOT_FORMULU (paper: int(alloc/((1+komisyon)*fill)); backtest: int(alloc/fill) sonra tot_cost=lots*fill*(1+komisyon))
5yil,IEYHO,GTD,2022-08-22,2022-08-22,2022-09-01,2022-09-01,0.9528,0.9528,0.9372,0.9372,MAX_GUN,MAX_GUN,-2.2257,-2.2257,-446.46,-445.12,False,net_pnl; LOT_FORMULU (paper: int(alloc/((1+komisyon)*fill)); backtest: int(alloc/fill) sonra tot_cost=lots*fill*(1+komisyon))
5yil,IEYHO,GTD,2022-09-19,2022-09-19,2022-09-29,2022-09-29,1.0632,1.0632,1.007,1.007,STOP,STOP,-5.8525,-5.8525,-1174.01,-1170.45,False,net_pnl; LOT_FORMULU (paper: int(alloc/((1+komisyon)*fill)); backtest: int(alloc/fill) sonra tot_cost=lots*fill*(1+komisyon))
5yil,IEYHO,GTD,2022-11-04,2022-11-04,2022-11-09,2022-11-09,1.6349,1.6349,1.5485,1.5485,STOP,STOP,-5.8513,-5.8513,-1173.76,-1170.21,False,net_pnl; LOT_FORMULU (paper: int(alloc/((1+komisyon)*fill)); backtest: int(alloc/fill) sonra tot_cost=lots*fill*(1+komisyon))
5yil,IEYHO,GTD,2023-09-13,2023-09-13,2023-09-18,2023-09-18,2.9388,2.9388,3.2901,3.2901,TRAILING,TRAILING,9.1586,9.1586,1837.08,1831.69,False,net_pnl; LOT_FORMULU (paper: int(alloc/((1+komisyon)*fill)); backtest: int(alloc/fill) sonra tot_cost=lots*fill*(1+komisyon))
5yil,IEYHO,GTD,2025-04-17,2025-04-17,2025-04-18,2025-04-18,12.6579,12.6579,11.9889,11.9889,STOP,STOP,-5.8518,-5.8518,-1173.85,-1170.13,False,net_pnl; LOT_FORMULU (paper: int(alloc/((1+komisyon)*fill)); backtest: int(alloc/fill) sonra tot_cost=lots*fill*(1+komisyon))
5yil,IEYHO,GTD,2026-05-15,2026-05-15,2026-05-25,2026-05-25,102.6069,102.6069,114.9541,114.9541,MAX_GUN,MAX_GUN,9.1976,9.1976,1836.35,1836.35,True,ESLESTI
5yil,ISCTR,GTD,2022-08-31,2022-08-31,2022-09-07,2022-09-07,3.1936,3.1936,4.0159,4.0159,TRAILING,TRAILING,16.0149,16.0164,3212.33,3202.87,False,net_pnl; LOT_FORMULU (paper: int(alloc/((1+komisyon)*fill)); backtest: int(alloc/fill) sonra tot_cost=lots*fill*(1+komisyon))
5yil,ISCTR,GTD,2024-05-20,2024-05-20,2024-05-22,2024-05-22,14.8444,14.8444,15.6374,15.6374,TRAILING,TRAILING,5.8712,5.8712,1177.49,1173.99,False,net_pnl; LOT_FORMULU (paper: int(alloc/((1+komisyon)*fill)); backtest: int(alloc/fill) sonra tot_cost=lots*fill*(1+komisyon))
5yil,ISDMR,ALPHA_B_SIMPLE,2023-05-31,2023-05-31,2023-06-12,2023-06-12,33.8613,33.8613,36.0515,36.0515,MAX_GUN,MAX_GUN,6.4316,6.4316,1288.77,1284.4,False,net_pnl; LOT_FORMULU (paper: int(alloc/((1+komisyon)*fill)); backtest: int(alloc/fill) sonra tot_cost=lots*fill*(1+komisyon))
5yil,ISDMR,ALPHA_B_SIMPLE,2024-04-30,2024-04-30,2024-05-10,2024-05-10,38.114,38.114,38.7235,38.7235,MAX_GUN,MAX_GUN,0.9914,0.9914,198.59,198.21,False,net_pnl; LOT_FORMULU (paper: int(alloc/((1+komisyon)*fill)); backtest: int(alloc/fill) sonra tot_cost=lots*fill*(1+komisyon))
5yil,ISDMR,GTD,,2021-11-09,,2021-11-16,,14.1824,,15.9879,,TRAILING,,9.5439,,1759.47,False,"EKSIK_BACKTEST (paper'da var, simulate_priority_portfolio'da yok)"
5yil,ISDMR,GTD,2021-12-10,2021-12-10,2021-12-17,2021-12-17,23.4501,23.4501,24.2849,24.2849,TRAILING,TRAILING,4.9861,4.9861,999.18,996.84,False,net_pnl; LOT_FORMULU (paper: int(alloc/((1+komisyon)*fill)); backtest: int(alloc/fill) sonra tot_cost=lots*fill*(1+komisyon))
5yil,ISDMR,GTD,2021-12-21,2021-12-21,2021-12-22,2021-12-22,25.396,25.396,21.7346,21.7346,STOP,STOP,-14.9292,-14.9292,-2992.8,-2985.19,False,net_pnl; LOT_FORMULU (paper: int(alloc/((1+komisyon)*fill)); backtest: int(alloc/fill) sonra tot_cost=lots*fill*(1+komisyon))
5yil,ISDMR,GTD,2022-03-09,2022-03-09,2022-03-15,2022-03-15,27.5624,27.5624,28.2819,28.2819,TRAILING,TRAILING,4.5108,4.5108,904.08,901.59,False,net_pnl; LOT_FORMULU (paper: int(alloc/((1+komisyon)*fill)); backtest: int(alloc/fill) sonra tot_cost=lots*fill*(1+komisyon))
5yil,ISDMR,GTD,2025-08-19,2025-08-19,2025-08-29,2025-08-29,40.7218,40.7218,39.9199,39.9199,MAX_GUN,MAX_GUN,-2.5556,-2.5556,-512.52,-510.43,False,net_pnl; LOT_FORMULU (paper: int(alloc/((1+komisyon)*fill)); backtest: int(alloc/fill) sonra tot_cost=lots*fill*(1+komisyon))
5yil,ISMEN,ALPHA_B_SIMPLE,2021-10-25,2021-10-25,2021-11-03,2021-11-03,3.5203,3.5203,3.6538,3.6538,TRAILING,TRAILING,5.101,5.1014,1021.77,1020.21,False,net_pnl; LOT_FORMULU (paper: int(alloc/((1+komisyon)*fill)); backtest: int(alloc/fill) sonra tot_cost=lots*fill*(1+komisyon))
5yil,ISMEN,ALPHA_B_SIMPLE,2024-11-13,2024-11-13,2024-11-25,2024-11-25,36.108,36.108,39.1023,39.1023,MAX_GUN,MAX_GUN,7.3388,7.3383,1469.79,1467.02,False,net_pnl; LOT_FORMULU (paper: int(alloc/((1+komisyon)*fill)); backtest: int(alloc/fill) sonra tot_cost=lots*fill*(1+komisyon))
5yil,ISMEN,ALPHA_B_SIMPLE,2025-07-02,2025-07-02,2025-07-07,2025-07-07,38.4149,38.4149,36.3847,36.3847,STOP,STOP,-5.8515,-5.8515,-1172.39,-1170.14,False,net_pnl; LOT_FORMULU (paper: int(alloc/((1+komisyon)*fill)); backtest: int(alloc/fill) sonra tot_cost=lots*fill*(1+komisyon))
5yil,ISMEN,GTD,2021-12-23,2021-12-23,2021-12-28,2021-12-28,5.4454,5.4454,5.1576,5.1576,STOP,STOP,-5.8518,-5.8518,-1173.6,-1170.09,False,net_pnl; LOT_FORMULU (paper: int(alloc/((1+komisyon)*fill)); backtest: int(alloc/fill) sonra tot_cost=lots*fill*(1+komisyon))
5yil,ISMEN,GTD,2022-11-16,2022-11-16,2022-11-17,2022-11-17,9.3906,9.3906,8.8943,8.8943,STOP,STOP,-5.8517,-5.8517,-1173.41,-1170.1,False,net_pnl; LOT_FORMULU (paper: int(alloc/((1+komisyon)*fill)); backtest: int(alloc/fill) sonra tot_cost=lots*fill*(1+komisyon))
5yil,ISMEN,GTD,2022-11-25,2022-11-25,2022-12-05,2022-12-05,10.6914,10.6914,11.2646,11.2646,MAX_GUN,MAX_GUN,4.731,4.731,948.71,946.17,False,net_pnl; LOT_FORMULU (paper: int(alloc/((1+komisyon)*fill)); backtest: int(alloc/fill) sonra tot_cost=lots*fill*(1+komisyon))
5yil,ISMEN,GTD,2024-12-11,2024-12-11,2024-12-19,2024-12-19,45.6365,45.6365,43.2246,43.2246,STOP,STOP,-5.8516,-5.8516,-1173.18,-1167.82,False,net_pnl; LOT_FORMULU (paper: int(alloc/((1+komisyon)*fill)); backtest: int(alloc/fill) sonra tot_cost=lots*fill*(1+komisyon))
5yil,KARSN,GTD,2022-03-31,2022-03-31,2022-04-04,2022-04-04,5.3259,5.3259,5.6734,5.6734,TRAILING,TRAILING,6.4594,6.4595,1295.67,1291.91,False,net_pnl; LOT_FORMULU (paper: int(alloc/((1+komisyon)*fill)); backtest: int(alloc/fill) sonra tot_cost=lots*fill*(1+komisyon))
5yil,KARSN,GTD,2022-05-27,2022-05-27,2022-05-31,2022-05-31,6.4192,6.4192,7.0657,7.0657,TRAILING,TRAILING,8.2225,8.2221,1649.08,1644.24,False,net_pnl; LOT_FORMULU (paper: int(alloc/((1+komisyon)*fill)); backtest: int(alloc/fill) sonra tot_cost=lots*fill*(1+komisyon))
5yil,KATMR,ALPHA_B_SIMPLE,2021-11-05,2021-11-05,2021-11-10,2021-11-10,1.2625,1.2625,1.1958,1.1958,STOP,STOP,-5.8498,-5.8498,-1149.12,-1150.75,False,net_pnl; LOT_FORMULU (paper: int(alloc/((1+komisyon)*fill)); backtest: int(alloc/fill) sonra tot_cost=lots*fill*(1+komisyon))
5yil,KATMR,GTD,2022-08-09,2022-08-09,2022-08-16,2022-08-16,1.2964,1.2964,1.2279,1.2279,STOP,STOP,-5.8505,-5.8505,-1173.58,-1170.08,False,net_pnl; LOT_FORMULU (paper: int(alloc/((1+komisyon)*fill)); backtest: int(alloc/fill) sonra tot_cost=lots*fill*(1+komisyon))
5yil,KATMR,GTD,2022-08-19,2022-08-19,2022-08-29,2022-08-29,1.3981,1.3981,1.3729,1.3729,MAX_GUN,MAX_GUN,-2.3899,-2.3899,-479.4,-477.96,False,net_pnl; LOT_FORMULU (paper: int(alloc/((1+komisyon)*fill)); backtest: int(alloc/fill) sonra tot_cost=lots*fill*(1+komisyon))
5yil,KCAER,GTD,2023-06-13,2023-06-13,2023-06-14,2023-06-14,7.0908,7.0908,6.7161,6.7161,STOP,STOP,-5.8509,-5.8509,-1173.46,-1170.13,False,net_pnl; LOT_FORMULU (paper: int(alloc/((1+komisyon)*fill)); backtest: int(alloc/fill) sonra tot_cost=lots*fill*(1+komisyon))
5yil,KCAER,GTD,2024-01-26,2024-01-26,2024-01-31,2024-01-31,15.1615,15.1615,15.7281,15.7281,TRAILING,TRAILING,5.0727,5.0727,1017.49,1014.4,False,net_pnl; LOT_FORMULU (paper: int(alloc/((1+komisyon)*fill)); backtest: int(alloc/fill) sonra tot_cost=lots*fill*(1+komisyon))
5yil,KCAER,ZT3,2022-11-14,2022-11-14,2022-11-16,2022-11-16,6.1957,6.1957,6.9661,6.9661,TRAILING,TRAILING,10.2473,10.2473,2055.58,2049.22,False,net_pnl; LOT_FORMULU (paper: int(alloc/((1+komisyon)*fill)); backtest: int(alloc/fill) sonra tot_cost=lots*fill*(1+komisyon))
5yil,KCHOL,GTD,2022-08-17,2022-08-17,2022-08-26,2022-08-26,43.2092,43.2092,46.2967,46.2967,TRAILING,TRAILING,6.7682,6.7676,1355.16,1352.11,False,net_pnl; LOT_FORMULU (paper: int(alloc/((1+komisyon)*fill)); backtest: int(alloc/fill) sonra tot_cost=lots*fill*(1+komisyon))
5yil,KLRHO,GTD,2024-12-18,2024-12-18,2024-12-19,2024-12-19,20.9516,20.9516,19.8443,19.8443,STOP,STOP,-5.8516,-5.8516,-1173.12,-1169.43,False,net_pnl; LOT_FORMULU (paper: int(alloc/((1+komisyon)*fill)); backtest: int(alloc/fill) sonra tot_cost=lots*fill*(1+komisyon))
5yil,KLRHO,GTD,2025-06-17,2025-06-17,2025-06-23,2025-06-23,37.0553,37.0553,37.8029,37.8029,TRAILING,TRAILING,4.2143,4.2195,844.23,843.71,False,net_pnl; LOT_FORMULU (paper: int(alloc/((1+komisyon)*fill)); backtest: int(alloc/fill) sonra tot_cost=lots*fill*(1+komisyon))
5yil,KLRHO,GTD,2026-01-30,2026-01-30,2026-02-03,2026-02-03,300.3428,300.3428,311.8394,311.8394,TRAILING,TRAILING,5.7731,5.7731,1147.82,1147.82,True,ESLESTI
5yil,KORDS,GTD,2021-11-16,2021-11-16,2021-11-25,2021-11-25,1.5426,1.5426,1.7265,1.7265,TRAILING,TRAILING,9.1416,9.1416,1809.88,1828.27,False,net_pnl; LOT_FORMULU (paper: int(alloc/((1+komisyon)*fill)); backtest: int(alloc/fill) sonra tot_cost=lots*fill*(1+komisyon))
5yil,KRDMD,GTD,2025-03-14,2025-03-14,2025-03-19,2025-03-19,33.44,33.44,31.6727,31.6727,STOP,STOP,-5.8516,-5.8516,-1173.66,-1169.73,False,net_pnl; LOT_FORMULU (paper: int(alloc/((1+komisyon)*fill)); backtest: int(alloc/fill) sonra tot_cost=lots*fill*(1+komisyon))
5yil,KRDMD,GTD,2025-08-21,2025-08-21,2025-09-01,2025-09-01,29.5283,29.5283,28.6338,28.6338,MAX_GUN,MAX_GUN,-3.6094,-3.6094,-723.7,-721.57,False,net_pnl; LOT_FORMULU (paper: int(alloc/((1+komisyon)*fill)); backtest: int(alloc/fill) sonra tot_cost=lots*fill*(1+komisyon))
5yil,KTLEV,GTD,2025-05-27,2025-05-27,2025-06-02,2025-06-02,2.534,2.534,2.4001,2.4001,STOP,STOP,-5.8507,-5.8507,-1173.56,-1170.14,False,net_pnl; LOT_FORMULU (paper: int(alloc/((1+komisyon)*fill)); backtest: int(alloc/fill) sonra tot_cost=lots*fill*(1+komisyon))
5yil,KTLEV,GTD,2025-06-02,2025-06-02,2025-06-03,2025-06-03,2.5263,2.5263,2.1945,2.1945,STOP,STOP,-13.6535,-13.6535,-2738.64,-2730.68,False,net_pnl; LOT_FORMULU (paper: int(alloc/((1+komisyon)*fill)); backtest: int(alloc/fill) sonra tot_cost=lots*fill*(1+komisyon))
5yil,KTLEV,GTD,2026-04-15,2026-04-15,2026-04-24,2026-04-24,24.6772,24.6772,30.3333,30.3333,TRAILING,TRAILING,14.6084,14.6084,2928.77,2921.54,False,net_pnl; LOT_FORMULU (paper: int(alloc/((1+komisyon)*fill)); backtest: int(alloc/fill) sonra tot_cost=lots*fill*(1+komisyon))
5yil,KTLEV,GTD,2026-06-02,2026-06-02,2026-06-08,2026-06-08,38.4989,38.4989,43.0772,43.0772,TRAILING,TRAILING,9.1313,9.1314,1830.0,1822.95,False,net_pnl; LOT_FORMULU (paper: int(alloc/((1+komisyon)*fill)); backtest: int(alloc/fill) sonra tot_cost=lots*fill*(1+komisyon))
5yil,KUYAS,ALPHA_B_SIMPLE,2024-04-24,2024-04-24,2024-05-06,2024-05-06,12.5375,12.5375,12.4625,12.4625,MAX_GUN,MAX_GUN,-1.1928,-1.1928,-239.25,-238.5,False,net_pnl; LOT_FORMULU (paper: int(alloc/((1+komisyon)*fill)); backtest: int(alloc/fill) sonra tot_cost=lots*fill*(1+komisyon))
5yil,KUYAS,GTD,2021-12-27,2021-12-27,2021-12-28,2021-12-28,1.2312,1.2312,1.1661,1.1661,STOP,STOP,-5.8541,-5.8541,-1174.31,-1170.77,False,net_pnl; LOT_FORMULU (paper: int(alloc/((1+komisyon)*fill)); backtest: int(alloc/fill) sonra tot_cost=lots*fill*(1+komisyon))
5yil,KUYAS,GTD,2022-02-02,2022-02-02,2022-02-09,2022-02-09,1.6299,1.6299,1.5438,1.5438,STOP,STOP,-5.8491,-5.8491,-1173.27,-1169.73,False,net_pnl; LOT_FORMULU (paper: int(alloc/((1+komisyon)*fill)); backtest: int(alloc/fill) sonra tot_cost=lots*fill*(1+komisyon))
5yil,KUYAS,GTD,2023-04-28,2023-04-28,2023-05-03,2023-05-03,7.9187,7.9187,7.5002,7.5002,STOP,STOP,-5.8515,-5.8515,-1173.51,-1170.26,False,net_pnl; LOT_FORMULU (paper: int(alloc/((1+komisyon)*fill)); backtest: int(alloc/fill) sonra tot_cost=lots*fill*(1+komisyon))
5yil,KUYAS,GTD,2023-09-08,2023-09-08,2023-09-18,2023-09-18,13.2897,13.2897,14.282,14.282,MAX_GUN,MAX_GUN,6.9278,6.9278,1388.86,1385.16,False,net_pnl; LOT_FORMULU (paper: int(alloc/((1+komisyon)*fill)); backtest: int(alloc/fill) sonra tot_cost=lots*fill*(1+komisyon))
5yil,KUYAS,GTD,2023-11-21,2023-11-21,2023-12-01,2023-12-01,18.9191,18.9191,19.4789,19.4789,MAX_GUN,MAX_GUN,2.343,2.343,469.95,468.17,False,net_pnl; LOT_FORMULU (paper: int(alloc/((1+komisyon)*fill)); backtest: int(alloc/fill) sonra tot_cost=lots*fill*(1+komisyon))
5yil,KUYAS,GTD,2023-12-18,2023-12-18,2023-12-19,2023-12-19,22.6427,22.6427,21.4461,21.4461,STOP,STOP,-5.8513,-5.8513,-1173.39,-1169.4,False,net_pnl; LOT_FORMULU (paper: int(alloc/((1+komisyon)*fill)); backtest: int(alloc/fill) sonra tot_cost=lots*fill*(1+komisyon))
5yil,KUYAS,GTD,2023-12-19,2023-12-19,2023-12-20,2023-12-20,22.4296,22.4296,18.8184,18.8184,STOP,STOP,-16.602,-16.602,-3327.84,-3320.37,False,net_pnl; LOT_FORMULU (paper: int(alloc/((1+komisyon)*fill)); backtest: int(alloc/fill) sonra tot_cost=lots*fill*(1+komisyon))
5yil,KUYAS,ZT3,2025-02-18,2025-02-18,2025-02-26,2025-02-26,24.8744,24.8744,23.5598,23.5598,STOP,STOP,-5.8515,-5.8515,-1173.76,-1169.38,False,net_pnl; LOT_FORMULU (paper: int(alloc/((1+komisyon)*fill)); backtest: int(alloc/fill) sonra tot_cost=lots*fill*(1+komisyon))
5yil,LMKDC,ALPHA_B_SIMPLE,2026-03-11,2026-03-11,2026-03-23,2026-03-23,35.105,35.105,33.2497,33.2497,STOP,STOP,-5.8516,-5.8516,-1172.35,-1170.29,False,net_pnl; LOT_FORMULU (paper: int(alloc/((1+komisyon)*fill)); backtest: int(alloc/fill) sonra tot_cost=lots*fill*(1+komisyon))
5yil,LMKDC,GTD,2025-07-30,2025-07-30,2025-08-11,2025-08-11,30.1903,30.1903,30.8671,30.8671,MAX_GUN,MAX_GUN,1.6302,1.6302,326.78,325.79,False,net_pnl; LOT_FORMULU (paper: int(alloc/((1+komisyon)*fill)); backtest: int(alloc/fill) sonra tot_cost=lots*fill*(1+komisyon))
5yil,MAGEN,ALPHA_B_SIMPLE,2026-07-17,2026-07-17,2026-07-27,2026-07-27,38.3547,38.3547,39.6477,39.6477,TRAILING,TRAILING,4.8882,4.8882,979.73,975.97,False,net_pnl; LOT_FORMULU (paper: int(alloc/((1+komisyon)*fill)); backtest: int(alloc/fill) sonra tot_cost=lots*fill*(1+komisyon))
5yil,MAGEN,GTD,2022-09-22,2022-09-22,2022-09-28,2022-09-28,1.7777,1.7777,1.6837,1.6837,STOP,STOP,-5.8543,-5.8543,-1174.32,-1170.77,False,net_pnl; LOT_FORMULU (paper: int(alloc/((1+komisyon)*fill)); backtest: int(alloc/fill) sonra tot_cost=lots*fill*(1+komisyon))
5yil,MAGEN,GTD,2023-07-21,2023-07-21,2023-07-25,2023-07-25,5.3552,5.3552,5.6498,5.6498,TRAILING,TRAILING,5.9504,5.9501,1193.43,1189.85,False,net_pnl; LOT_FORMULU (paper: int(alloc/((1+komisyon)*fill)); backtest: int(alloc/fill) sonra tot_cost=lots*fill*(1+komisyon))
5yil,MAGEN,GTD,2023-08-15,2023-08-15,2023-08-17,2023-08-17,6.1551,6.1551,6.4996,6.4996,TRAILING,TRAILING,5.9985,5.9985,1203.18,1199.48,False,net_pnl; LOT_FORMULU (paper: int(alloc/((1+komisyon)*fill)); backtest: int(alloc/fill) sonra tot_cost=lots*fill*(1+komisyon))
5yil,MAGEN,GTD,2025-10-17,2025-10-17,2025-10-24,2025-10-24,24.4531,24.4531,23.1607,23.1607,STOP,STOP,-5.8518,-5.8518,-1172.59,-1169.72,False,net_pnl; LOT_FORMULU (paper: int(alloc/((1+komisyon)*fill)); backtest: int(alloc/fill) sonra tot_cost=lots*fill*(1+komisyon))
5yil,MAGEN,GTD,2025-10-31,2025-10-31,2025-11-07,2025-11-07,29.1672,29.1672,30.8771,30.8771,TRAILING,TRAILING,6.1292,6.1292,1228.27,1224.68,False,net_pnl; LOT_FORMULU (paper: int(alloc/((1+komisyon)*fill)); backtest: int(alloc/fill) sonra tot_cost=lots*fill*(1+komisyon))
5yil,MAGEN,GTD,2025-11-07,2025-11-07,2025-11-17,2025-11-17,31.9155,31.9155,33.2998,33.2998,MAX_GUN,MAX_GUN,3.7132,3.7132,744.1,741.72,False,net_pnl; LOT_FORMULU (paper: int(alloc/((1+komisyon)*fill)); backtest: int(alloc/fill) sonra tot_cost=lots*fill*(1+komisyon))
5yil,MAGEN,GTD,2025-11-27,2025-11-27,2025-11-28,2025-11-28,33.0589,33.0589,31.3118,31.3118,STOP,STOP,-5.8514,-5.8514,-1171.89,-1169.95,False,net_pnl; LOT_FORMULU (paper: int(alloc/((1+komisyon)*fill)); backtest: int(alloc/fill) sonra tot_cost=lots*fill*(1+komisyon))
5yil,MAGEN,GTD,2025-12-18,2025-12-18,2025-12-23,2025-12-23,38.114,38.114,36.0997,36.0997,STOP,STOP,-5.8515,-5.8515,-1172.16,-1169.92,False,net_pnl; LOT_FORMULU (paper: int(alloc/((1+komisyon)*fill)); backtest: int(alloc/fill) sonra tot_cost=lots*fill*(1+komisyon))
5yil,MAGEN,GTD,2025-12-29,2025-12-29,2026-01-08,2026-01-08,39.1972,39.1972,40.4782,40.4782,MAX_GUN,MAX_GUN,2.6503,2.6503,531.41,529.32,False,net_pnl; LOT_FORMULU (paper: int(alloc/((1+komisyon)*fill)); backtest: int(alloc/fill) sonra tot_cost=lots*fill*(1+komisyon))
5yil,MAGEN,GTD,2026-02-11,2026-02-11,2026-02-23,2026-02-23,44.5934,44.5934,46.6596,46.6596,MAX_GUN,MAX_GUN,4.0075,4.0075,803.01,801.22,False,net_pnl; LOT_FORMULU (paper: int(alloc/((1+komisyon)*fill)); backtest: int(alloc/fill) sonra tot_cost=lots*fill*(1+komisyon))
5yil,MAGEN,GTD,2026-02-24,2026-02-24,2026-03-02,2026-03-02,46.9404,46.9404,47.3575,47.3575,TRAILING,TRAILING,3.6584,3.6584,733.75,730.31,False,net_pnl; LOT_FORMULU (paper: int(alloc/((1+komisyon)*fill)); backtest: int(alloc/fill) sonra tot_cost=lots*fill*(1+komisyon))
5yil,MAGEN,GTD,2026-04-07,2026-04-07,2026-04-17,2026-04-17,56.0677,56.0677,61.9636,61.9636,MAX_GUN,MAX_GUN,8.4432,8.4471,1690.32,1686.37,False,net_pnl; LOT_FORMULU (paper: int(alloc/((1+komisyon)*fill)); backtest: int(alloc/fill) sonra tot_cost=lots*fill*(1+komisyon))
5yil,MAGEN,GTD,2026-04-27,2026-04-27,2026-05-05,2026-05-05,64.0917,64.0917,60.7044,60.7044,STOP,STOP,-5.8517,-5.8517,-1173.65,-1169.89,False,net_pnl; LOT_FORMULU (paper: int(alloc/((1+komisyon)*fill)); backtest: int(alloc/fill) sonra tot_cost=lots*fill*(1+komisyon))
5yil,MAVI,GTD,2022-09-07,2022-09-07,2022-09-19,2022-09-19,8.8954,8.8954,9.5214,9.5214,MAX_GUN,MAX_GUN,6.7144,6.7143,1346.7,1342.47,False,net_pnl; LOT_FORMULU (paper: int(alloc/((1+komisyon)*fill)); backtest: int(alloc/fill) sonra tot_cost=lots*fill*(1+komisyon))
5yil,MAVI,GTD,2022-11-16,2022-11-16,2022-11-17,2022-11-17,11.8479,11.8479,11.2217,11.2217,STOP,STOP,-5.8519,-5.8519,-1173.85,-1170.37,False,net_pnl; LOT_FORMULU (paper: int(alloc/((1+komisyon)*fill)); backtest: int(alloc/fill) sonra tot_cost=lots*fill*(1+komisyon))
5yil,MAVI,GTD,2023-07-18,2023-07-18,2023-07-19,2023-07-19,21.9406,21.9406,20.6254,20.6254,STOP,STOP,-6.5567,-6.5567,-1314.48,-1310.15,False,net_pnl; LOT_FORMULU (paper: int(alloc/((1+komisyon)*fill)); backtest: int(alloc/fill) sonra tot_cost=lots*fill*(1+komisyon))
5yil,MAVI,GTD,2024-01-25,2024-01-25,2024-02-05,2024-02-05,33.8512,33.8512,36.4154,36.4154,MAX_GUN,MAX_GUN,7.0778,7.0775,1417.83,1415.38,False,net_pnl; LOT_FORMULU (paper: int(alloc/((1+komisyon)*fill)); backtest: int(alloc/fill) sonra tot_cost=lots*fill*(1+komisyon))
5yil,MAVI,GTD,2026-01-02,2026-01-02,2026-01-05,2026-01-05,43.6506,43.6506,41.3437,41.3437,STOP,STOP,-5.8515,-5.8515,-1173.34,-1168.22,False,net_pnl; LOT_FORMULU (paper: int(alloc/((1+komisyon)*fill)); backtest: int(alloc/fill) sonra tot_cost=lots*fill*(1+komisyon))
5yil,MGROS,GTD,2022-09-19,2022-09-19,2022-09-20,2022-09-20,96.288,96.288,91.1992,91.1992,STOP,STOP,-5.8516,-5.8516,-1169.81,-1169.81,True,ESLESTI
5yil,MGROS,GTD,2023-09-14,2023-09-14,2023-09-18,2023-09-18,391.17,391.17,370.4967,370.4967,STOP,STOP,-5.8516,-5.8516,-1170.87,-1147.92,False,net_pnl; LOT_FORMULU (paper: int(alloc/((1+komisyon)*fill)); backtest: int(alloc/fill) sonra tot_cost=lots*fill*(1+komisyon))
5yil,MGROS,GTD,2024-02-23,2024-02-23,2024-03-04,2024-03-04,477.428,477.428,472.578,472.578,MAX_GUN,MAX_GUN,-1.608,-1.608,-315.7,-315.7,True,ESLESTI
5yil,MGROS,GTD,2024-03-13,2024-03-13,2024-03-18,2024-03-18,503.0045,503.0045,476.4207,476.4207,STOP,STOP,-5.8516,-5.8516,-1151.36,-1151.36,True,ESLESTI
5yil,MGROS,GTD,2025-11-20,2025-11-20,2025-12-01,2025-12-01,531.59,531.59,527.413,527.413,MAX_GUN,MAX_GUN,-1.3793,-1.3793,-272.1,-272.1,True,ESLESTI
5yil,MIATK,GTD,2022-08-04,2022-08-04,2022-08-10,2022-08-10,2.9257,2.9257,3.1358,3.1358,TRAILING,TRAILING,7.3893,7.3893,1482.08,1477.74,False,net_pnl; LOT_FORMULU (paper: int(alloc/((1+komisyon)*fill)); backtest: int(alloc/fill) sonra tot_cost=lots*fill*(1+komisyon))
5yil,MIATK,GTD,2023-07-14,2023-07-14,2023-07-24,2023-07-24,10.6318,10.6318,13.6972,13.6972,MAX_GUN,MAX_GUN,17.5524,17.5524,3520.73,3509.5,False,net_pnl; LOT_FORMULU (paper: int(alloc/((1+komisyon)*fill)); backtest: int(alloc/fill) sonra tot_cost=lots*fill*(1+komisyon))
5yil,MIATK,GTD,2023-08-01,2023-08-01,2023-08-02,2023-08-02,14.8135,14.8135,14.0306,14.0306,STOP,STOP,-5.8516,-5.8516,-1173.73,-1170.26,False,net_pnl; LOT_FORMULU (paper: int(alloc/((1+komisyon)*fill)); backtest: int(alloc/fill) sonra tot_cost=lots*fill*(1+komisyon))
5yil,MIATK,GTD,2024-03-04,2024-03-04,2024-03-05,2024-03-05,81.2932,81.2932,76.9968,76.9968,STOP,STOP,-5.8517,-5.8517,-1173.73,-1168.96,False,net_pnl; LOT_FORMULU (paper: int(alloc/((1+komisyon)*fill)); backtest: int(alloc/fill) sonra tot_cost=lots*fill*(1+komisyon))
5yil,MPARK,GTD,2021-11-25,2021-11-25,2021-12-06,2021-12-06,31.3939,31.3939,34.7155,34.7155,MAX_GUN,MAX_GUN,8.4777,8.4777,1700.44,1695.1,False,net_pnl; LOT_FORMULU (paper: int(alloc/((1+komisyon)*fill)); backtest: int(alloc/fill) sonra tot_cost=lots*fill*(1+komisyon))
5yil,MPARK,GTD,2021-12-15,2021-12-15,2021-12-17,2021-12-17,34.423,34.423,37.6019,37.6019,TRAILING,TRAILING,10.4279,10.4279,2091.81,2084.6,False,net_pnl; LOT_FORMULU (paper: int(alloc/((1+komisyon)*fill)); backtest: int(alloc/fill) sonra tot_cost=lots*fill*(1+komisyon))
5yil,MPARK,GTD,2021-12-21,2021-12-21,2021-12-22,2021-12-22,37.7329,37.7329,35.3137,35.3137,STOP,STOP,-6.9712,-6.9712,-1398.32,-1393.04,False,net_pnl; LOT_FORMULU (paper: int(alloc/((1+komisyon)*fill)); backtest: int(alloc/fill) sonra tot_cost=lots*fill*(1+komisyon))
5yil,MPARK,GTD,2022-06-06,2022-06-06,2022-06-08,2022-06-08,37.0508,37.0508,35.0927,35.0927,STOP,STOP,-5.8515,-5.8515,-1172.07,-1169.9,False,net_pnl; LOT_FORMULU (paper: int(alloc/((1+komisyon)*fill)); backtest: int(alloc/fill) sonra tot_cost=lots*fill*(1+komisyon))
5yil,MPARK,GTD,2022-10-04,2022-10-04,2022-10-07,2022-10-07,51.1029,51.1029,53.3395,53.3395,TRAILING,TRAILING,5.3878,5.392,1079.78,1077.86,False,net_pnl; LOT_FORMULU (paper: int(alloc/((1+komisyon)*fill)); backtest: int(alloc/fill) sonra tot_cost=lots*fill*(1+komisyon))
5yil,MPARK,GTD,2022-10-27,2022-10-27,2022-10-28,2022-10-28,64.2923,64.2923,60.8945,60.8945,STOP,STOP,-5.8515,-5.8515,-1173.52,-1169.74,False,net_pnl; LOT_FORMULU (paper: int(alloc/((1+komisyon)*fill)); backtest: int(alloc/fill) sonra tot_cost=lots*fill*(1+komisyon))
5yil,MPARK,GTD,2023-07-19,2023-07-19,2023-07-25,2023-07-25,87.261,87.261,91.9732,91.9732,TRAILING,TRAILING,5.8958,5.9008,1181.68,1177.51,False,net_pnl; LOT_FORMULU (paper: int(alloc/((1+komisyon)*fill)); backtest: int(alloc/fill) sonra tot_cost=lots*fill*(1+komisyon))
5yil,MPARK,GTD,2023-08-04,2023-08-04,2023-08-11,2023-08-11,102.306,102.306,107.9751,107.9751,TRAILING,TRAILING,5.9655,5.9709,1193.66,1188.62,False,net_pnl; LOT_FORMULU (paper: int(alloc/((1+komisyon)*fill)); backtest: int(alloc/fill) sonra tot_cost=lots*fill*(1+komisyon))
5yil,MPARK,GTD,2024-02-28,2024-02-28,2024-02-29,2024-02-29,185.555,185.555,175.7485,175.7485,STOP,STOP,-5.8515,-5.8515,-1165.27,-1165.27,True,ESLESTI
5yil,MPARK,GTD,2024-05-28,2024-05-28,2024-05-31,2024-05-31,288.3625,288.3625,273.1226,273.1226,STOP,STOP,-5.8516,-5.8516,-1167.78,-1167.78,True,ESLESTI
5yil,MPARK,GTD,2024-06-12,2024-06-12,2024-06-24,2024-06-24,302.4045,302.4045,331.2657,331.2657,TRAILING,TRAILING,7.9602,7.9745,1593.53,1572.2,False,net_pnl; net_getiri; LOT_FORMULU (paper: int(alloc/((1+komisyon)*fill)); backtest: int(alloc/fill) sonra tot_cost=lots*fill*(1+komisyon))
5yil,MPARK,GTD,2024-07-16,2024-07-16,2024-07-26,2024-07-26,366.5965,366.5965,377.863,377.863,MAX_GUN,MAX_GUN,2.4567,2.4567,487.79,487.79,True,ESLESTI
5yil,MPARK,GTD,2026-01-02,2026-01-02,2026-01-12,2026-01-12,381.6415,381.6415,395.0612,395.0612,MAX_GUN,MAX_GUN,2.8971,2.8971,576.66,576.66,True,ESLESTI
5yil,OBAMS,GTD,2025-02-12,2025-02-12,2025-02-24,2025-02-24,11.0748,11.0748,11.2329,11.2329,MAX_GUN,MAX_GUN,0.8208,0.8208,164.57,164.12,False,net_pnl; LOT_FORMULU (paper: int(alloc/((1+komisyon)*fill)); backtest: int(alloc/fill) sonra tot_cost=lots*fill*(1+komisyon))
5yil,OBAMS,GTD,2025-04-22,2025-04-22,2025-05-02,2025-05-02,11.5345,11.5345,12.2963,12.2963,MAX_GUN,MAX_GUN,5.9668,5.9668,1196.3,1192.85,False,net_pnl; LOT_FORMULU (paper: int(alloc/((1+komisyon)*fill)); backtest: int(alloc/fill) sonra tot_cost=lots*fill*(1+komisyon))
5yil,ODINE,GTD,2024-07-19,2024-07-19,2024-07-29,2024-07-29,91.273,91.273,113.658,113.658,MAX_GUN,MAX_GUN,15.4444,15.4061,3096.4,3074.63,False,net_pnl; net_getiri; LOT_FORMULU (paper: int(alloc/((1+komisyon)*fill)); backtest: int(alloc/fill) sonra tot_cost=lots*fill*(1+komisyon))
5yil,ODINE,GTD,2025-07-11,2025-07-11,2025-07-21,2025-07-22,106.0171,106.0171,112.1625,112.3619,MAX_GUN,MAX_GUN,6.0978,6.1913,1219.02,1237.7,False,cikis_tarihi; cikis_fiyati; net_pnl; net_getiri; LOT_FORMULU (paper: int(alloc/((1+komisyon)*fill)); backtest: int(alloc/fill) sonra tot_cost=lots*fill*(1+komisyon))
5yil,ODINE,GTD,2025-09-17,2025-09-17,2025-09-24,2025-09-24,156.5683,156.5683,148.2937,148.2937,STOP,STOP,-5.8516,-5.8516,-1167.03,-1167.03,True,ESLESTI
5yil,ODINE,GTD,2026-02-16,2026-02-16,2026-02-24,2026-02-24,397.188,397.188,508.47,508.47,TRAILING,TRAILING,17.1418,17.1418,3414.46,3414.46,True,ESLESTI
5yil,ODINE,GTD,2026-03-11,2026-03-11,2026-03-16,2026-03-16,642.923,642.923,672.4765,672.4765,TRAILING,TRAILING,5.4521,5.4521,1089.89,1089.89,True,ESLESTI
5yil,ODINE,GTD,2026-05-13,2026-05-13,2026-05-18,2026-05-18,1175.516,1175.516,1221.8235,1221.8235,TRAILING,TRAILING,5.0655,5.1747,1015.31,976.19,False,net_pnl; net_getiri; LOT_FORMULU (paper: int(alloc/((1+komisyon)*fill)); backtest: int(alloc/fill) sonra tot_cost=lots*fill*(1+komisyon))
5yil,OTKAR,ALPHA_B_SIMPLE,2023-01-20,2023-01-20,2023-01-25,2023-01-25,206.2168,206.2168,195.3183,195.3183,STOP,STOP,-5.8516,-5.8516,-1161.9,-1161.9,True,ESLESTI
5yil,OTKAR,ALPHA_B_SIMPLE,2023-04-11,2023-04-11,2023-04-19,2023-04-19,197.7916,197.7916,187.3383,187.3383,STOP,STOP,-5.8516,-5.8516,-1172.48,-1160.87,False,net_pnl; LOT_FORMULU (paper: int(alloc/((1+komisyon)*fill)); backtest: int(alloc/fill) sonra tot_cost=lots*fill*(1+komisyon))
5yil,OTKAR,ALPHA_B_SIMPLE,2023-06-06,2023-06-06,2023-06-12,2023-06-12,186.8589,186.8589,194.9235,194.9235,TRAILING,TRAILING,5.3463,5.3619,1072.13,1065.21,False,net_pnl; net_getiri; LOT_FORMULU (paper: int(alloc/((1+komisyon)*fill)); backtest: int(alloc/fill) sonra tot_cost=lots*fill*(1+komisyon))
5yil,OTKAR,ALPHA_B_SIMPLE,2026-04-15,2026-04-15,2026-04-27,2026-04-27,399.194,399.194,381.851,381.851,MAX_GUN,MAX_GUN,-4.9167,-4.9167,-984.31,-964.62,False,net_pnl; LOT_FORMULU (paper: int(alloc/((1+komisyon)*fill)); backtest: int(alloc/fill) sonra tot_cost=lots*fill*(1+komisyon))
5yil,OTKAR,GTD,2024-05-08,2024-05-08,2024-05-13,2024-05-13,566.695,566.695,529.9055,529.9055,STOP,STOP,-7.0513,-7.0513,-1402.78,-1402.78,True,ESLESTI
5yil,OTKAR,GTD,2024-05-22,2024-05-22,2024-05-24,2024-05-24,578.731,578.731,603.3345,603.3345,TRAILING,TRAILING,5.3298,5.3298,1051.88,1051.88,True,ESLESTI
5yil,OTKAR,GTD,2025-07-21,2025-07-21,2025-07-25,2025-07-25,464.8905,464.8905,494.8859,494.8859,TRAILING,TRAILING,6.4095,6.4236,1285.11,1258.0,False,net_pnl; net_getiri; LOT_FORMULU (paper: int(alloc/((1+komisyon)*fill)); backtest: int(alloc/fill) sonra tot_cost=lots*fill*(1+komisyon))
5yil,OYAKC,GTD,2023-03-10,2023-03-10,2023-03-13,2023-03-13,12.0566,12.0566,11.4194,11.4194,STOP,STOP,-5.8517,-5.8517,-1173.25,-1169.71,False,net_pnl; LOT_FORMULU (paper: int(alloc/((1+komisyon)*fill)); backtest: int(alloc/fill) sonra tot_cost=lots*fill*(1+komisyon))
5yil,OYAKC,GTD,2023-06-08,2023-06-08,2023-06-13,2023-06-13,11.0073,11.0073,10.4255,10.4255,STOP,STOP,-5.8522,-5.8522,-1173.31,-1170.08,False,net_pnl; LOT_FORMULU (paper: int(alloc/((1+komisyon)*fill)); backtest: int(alloc/fill) sonra tot_cost=lots*fill*(1+komisyon))
5yil,OYAKC,GTD,2023-07-12,2023-07-12,2023-07-14,2023-07-14,13.2705,13.2705,14.0858,14.0858,TRAILING,TRAILING,6.2696,6.2701,1257.6,1253.53,False,net_pnl; LOT_FORMULU (paper: int(alloc/((1+komisyon)*fill)); backtest: int(alloc/fill) sonra tot_cost=lots*fill*(1+komisyon))
5yil,OYAKC,GTD,2024-02-26,2024-02-26,2024-02-27,2024-02-27,18.9156,18.9156,17.9159,17.9159,STOP,STOP,-5.8516,-5.8516,-1173.48,-1170.15,False,net_pnl; LOT_FORMULU (paper: int(alloc/((1+komisyon)*fill)); backtest: int(alloc/fill) sonra tot_cost=lots*fill*(1+komisyon))
5yil,OYAKC,GTD,2024-12-06,2024-12-06,2024-12-11,2024-12-11,19.398,19.398,21.0367,21.0367,TRAILING,TRAILING,10.0958,10.0958,2025.16,2017.3,False,net_pnl; LOT_FORMULU (paper: int(alloc/((1+komisyon)*fill)); backtest: int(alloc/fill) sonra tot_cost=lots*fill*(1+komisyon))
5yil,OYAKC,GTD,2025-01-20,2025-01-20,2025-01-30,2025-01-30,25.4963,25.4963,24.6259,24.6259,MAX_GUN,MAX_GUN,-3.9916,-3.9916,-800.28,-798.24,False,net_pnl; LOT_FORMULU (paper: int(alloc/((1+komisyon)*fill)); backtest: int(alloc/fill) sonra tot_cost=lots*fill*(1+komisyon))
5yil,OYAKC,GTD,2025-03-21,2025-03-21,2025-03-24,2025-03-24,31.6747,31.6747,30.0007,30.0007,STOP,STOP,-5.8516,-5.8516,-1173.05,-1169.33,False,net_pnl; LOT_FORMULU (paper: int(alloc/((1+komisyon)*fill)); backtest: int(alloc/fill) sonra tot_cost=lots*fill*(1+komisyon))
5yil,OYAKC,ZT3,2025-01-17,2025-01-17,2025-01-20,2025-01-20,26.4993,26.4993,25.0988,25.0988,STOP,STOP,-5.8516,-5.8516,-1172.69,-1169.58,False,net_pnl; LOT_FORMULU (paper: int(alloc/((1+komisyon)*fill)); backtest: int(alloc/fill) sonra tot_cost=lots*fill*(1+komisyon))
5yil,OYAKC,ZT3,2025-02-20,2025-02-20,2025-03-03,2025-03-03,27.2014,27.2014,26.7196,26.7196,MAX_GUN,MAX_GUN,-2.3588,-2.3588,-473.02,-471.73,False,net_pnl; LOT_FORMULU (paper: int(alloc/((1+komisyon)*fill)); backtest: int(alloc/fill) sonra tot_cost=lots*fill*(1+komisyon))
5yil,PASEU,GTD,2024-06-25,2024-06-25,2024-06-26,2024-06-26,17.728,17.728,16.301,16.301,STOP,STOP,-8.5995,-8.5995,-1724.81,-1718.69,False,net_pnl; LOT_FORMULU (paper: int(alloc/((1+komisyon)*fill)); backtest: int(alloc/fill) sonra tot_cost=lots*fill*(1+komisyon))
5yil,PASEU,GTD,2024-07-18,2024-07-18,2024-07-19,2024-07-19,19.7842,19.7842,18.7386,18.7386,STOP,STOP,-5.8516,-5.8516,-1172.78,-1169.3,False,net_pnl; LOT_FORMULU (paper: int(alloc/((1+komisyon)*fill)); backtest: int(alloc/fill) sonra tot_cost=lots*fill*(1+komisyon))
5yil,PASEU,GTD,2024-07-23,2024-07-23,2024-07-29,2024-07-29,21.063,21.063,19.9498,19.9498,STOP,STOP,-5.8517,-5.8517,-1173.19,-1169.48,False,net_pnl; LOT_FORMULU (paper: int(alloc/((1+komisyon)*fill)); backtest: int(alloc/fill) sonra tot_cost=lots*fill*(1+komisyon))
5yil,PASEU,GTD,2024-12-23,2024-12-23,2024-12-27,2024-12-27,29.5885,29.5885,28.0248,28.0248,STOP,STOP,-5.8514,-5.8514,-1172.16,-1168.69,False,net_pnl; LOT_FORMULU (paper: int(alloc/((1+komisyon)*fill)); backtest: int(alloc/fill) sonra tot_cost=lots*fill*(1+komisyon))
5yil,PASEU,GTD,2025-08-22,2025-08-22,2025-09-01,2025-09-01,107.0201,107.0201,109.7697,109.7697,MAX_GUN,MAX_GUN,1.9557,1.9557,390.46,390.46,True,ESLESTI
5yil,PASEU,GTD,2025-10-20,2025-10-20,2025-10-22,2025-10-22,137.9125,137.9125,147.3765,147.3765,TRAILING,TRAILING,7.0009,7.0064,1404.2,1395.59,False,net_pnl; LOT_FORMULU (paper: int(alloc/((1+komisyon)*fill)); backtest: int(alloc/fill) sonra tot_cost=lots*fill*(1+komisyon))
5yil,PATEK,GTD,2024-08-02,2024-08-02,2024-08-05,2024-08-05,23.2515,23.2515,20.6298,20.6298,STOP,STOP,-11.8062,-11.8062,-2367.88,-2359.62,False,net_pnl; LOT_FORMULU (paper: int(alloc/((1+komisyon)*fill)); backtest: int(alloc/fill) sonra tot_cost=lots*fill*(1+komisyon))
5yil,PETKM,GTD,2023-06-13,2023-06-13,2023-06-14,2023-06-14,15.4562,15.4562,14.6393,14.6393,STOP,STOP,-5.8518,-5.8518,-1172.99,-1170.27,False,net_pnl; LOT_FORMULU (paper: int(alloc/((1+komisyon)*fill)); backtest: int(alloc/fill) sonra tot_cost=lots*fill*(1+komisyon))
5yil,PGSUS,GTD,2022-04-12,2022-04-12,2022-04-22,2022-04-22,24.092,24.092,27.5789,27.5789,MAX_GUN,MAX_GUN,10.4102,10.4143,2087.9,2081.17,False,net_pnl; LOT_FORMULU (paper: int(alloc/((1+komisyon)*fill)); backtest: int(alloc/fill) sonra tot_cost=lots*fill*(1+komisyon))
5yil,PGSUS,GTD,2022-12-06,2022-12-06,2022-12-07,2022-12-07,88.6316,88.6316,83.9474,83.9474,STOP,STOP,-5.8516,-5.8516,-1170.44,-1165.23,False,net_pnl; LOT_FORMULU (paper: int(alloc/((1+komisyon)*fill)); backtest: int(alloc/fill) sonra tot_cost=lots*fill*(1+komisyon))
5yil,PSGYO,GTD,2022-10-06,2022-10-06,2022-10-13,2022-10-13,1.2049,1.2049,1.3834,1.3834,TRAILING,TRAILING,10.5803,10.5805,2122.29,2116.07,False,net_pnl; LOT_FORMULU (paper: int(alloc/((1+komisyon)*fill)); backtest: int(alloc/fill) sonra tot_cost=lots*fill*(1+komisyon))
5yil,PSGYO,GTD,2026-05-08,2026-05-08,2026-05-11,2026-05-11,3.36,3.36,3.1705,3.1705,STOP,STOP,-6.2043,-6.2043,-1244.51,-1240.75,False,net_pnl; LOT_FORMULU (paper: int(alloc/((1+komisyon)*fill)); backtest: int(alloc/fill) sonra tot_cost=lots*fill*(1+komisyon))
5yil,QUAGR,GTD,2023-03-01,2023-03-01,2023-03-03,2023-03-03,6.8113,6.8113,6.4513,6.4513,STOP,STOP,-5.8519,-5.8519,-1173.78,-1170.18,False,net_pnl; LOT_FORMULU (paper: int(alloc/((1+komisyon)*fill)); backtest: int(alloc/fill) sonra tot_cost=lots*fill*(1+komisyon))
5yil,QUAGR,GTD,2025-04-09,2025-04-09,2025-04-16,2025-04-16,4.5135,4.5135,4.982,4.982,TRAILING,TRAILING,8.3766,8.3766,1680.28,1674.97,False,net_pnl; LOT_FORMULU (paper: int(alloc/((1+komisyon)*fill)); backtest: int(alloc/fill) sonra tot_cost=lots*fill*(1+komisyon))
5yil,QUAGR,GTD,2025-09-16,2025-09-16,2025-09-19,2025-09-19,10.0099,10.0099,11.2616,11.2616,TRAILING,TRAILING,10.1708,10.1708,2040.23,2034.11,False,net_pnl; LOT_FORMULU (paper: int(alloc/((1+komisyon)*fill)); backtest: int(alloc/fill) sonra tot_cost=lots*fill*(1+komisyon))
5yil,RALYH,ALPHA_B_SIMPLE,2024-03-04,2024-03-04,2024-03-07,2024-03-07,17.154,17.154,19.8722,19.8722,TRAILING,TRAILING,11.0957,11.0923,2224.07,2217.65,False,net_pnl; LOT_FORMULU (paper: int(alloc/((1+komisyon)*fill)); backtest: int(alloc/fill) sonra tot_cost=lots*fill*(1+komisyon))
5yil,RALYH,ALPHA_B_SIMPLE,2026-07-03,2026-07-03,2026-07-13,2026-07-13,207.7213,207.7213,207.376,207.376,MAX_GUN,MAX_GUN,-0.7634,-0.7634,-152.7,-151.11,False,net_pnl; LOT_FORMULU (paper: int(alloc/((1+komisyon)*fill)); backtest: int(alloc/fill) sonra tot_cost=lots*fill*(1+komisyon))
5yil,RALYH,GTD,2022-07-29,2022-07-29,2022-08-08,2022-08-09,2.9242,2.9242,3.1877,3.1858,MAX_GUN,MAX_GUN,7.6944,7.6621,1543.4,1532.42,False,cikis_tarihi; cikis_fiyati; net_pnl; net_getiri; LOT_FORMULU (paper: int(alloc/((1+komisyon)*fill)); backtest: int(alloc/fill) sonra tot_cost=lots*fill*(1+komisyon))
5yil,RALYH,GTD,2022-08-18,2022-08-18,2022-08-29,2022-08-29,3.2164,3.2164,3.6857,3.6857,MAX_GUN,MAX_GUN,10.4688,10.4693,2099.99,2093.68,False,net_pnl; LOT_FORMULU (paper: int(alloc/((1+komisyon)*fill)); backtest: int(alloc/fill) sonra tot_cost=lots*fill*(1+komisyon))
5yil,RALYH,GTD,2022-10-25,2022-10-25,2022-10-28,2022-10-28,4.668,4.668,4.4213,4.4213,STOP,STOP,-5.8515,-5.8515,-1173.68,-1170.12,False,net_pnl; LOT_FORMULU (paper: int(alloc/((1+komisyon)*fill)); backtest: int(alloc/fill) sonra tot_cost=lots*fill*(1+komisyon))
5yil,RALYH,GTD,2023-06-07,2023-06-07,2023-06-16,2023-06-16,12.097,12.097,12.8168,12.8168,TRAILING,TRAILING,6.1738,6.1743,1238.23,1234.59,False,net_pnl; LOT_FORMULU (paper: int(alloc/((1+komisyon)*fill)); backtest: int(alloc/fill) sonra tot_cost=lots*fill*(1+komisyon))
5yil,RALYH,GTD,2023-11-23,2023-11-23,2023-11-30,2023-11-30,16.2622,16.2622,15.4028,15.4028,STOP,STOP,-5.8512,-5.8512,-1172.95,-1170.09,False,net_pnl; LOT_FORMULU (paper: int(alloc/((1+komisyon)*fill)); backtest: int(alloc/fill) sonra tot_cost=lots*fill*(1+komisyon))
5yil,RALYH,GTD,2024-04-17,2024-04-17,2024-04-29,2024-04-29,28.2738,28.2738,36.0267,36.0267,MAX_GUN,MAX_GUN,16.8591,16.8591,3380.17,3370.62,False,net_pnl; LOT_FORMULU (paper: int(alloc/((1+komisyon)*fill)); backtest: int(alloc/fill) sonra tot_cost=lots*fill*(1+komisyon))
5yil,RALYH,GTD,2025-05-28,2025-05-28,2025-05-30,2025-05-30,141.8242,141.8242,134.3288,134.3288,STOP,STOP,-5.8516,-5.8516,-1173.66,-1165.34,False,net_pnl; LOT_FORMULU (paper: int(alloc/((1+komisyon)*fill)); backtest: int(alloc/fill) sonra tot_cost=lots*fill*(1+komisyon))
5yil,RALYH,GTD,2025-10-01,2025-10-01,2025-10-13,2025-10-13,159.9785,159.9785,172.3813,172.3813,MAX_GUN,MAX_GUN,7.0704,7.0701,1418.12,1406.72,False,net_pnl; LOT_FORMULU (paper: int(alloc/((1+komisyon)*fill)); backtest: int(alloc/fill) sonra tot_cost=lots*fill*(1+komisyon))
5yil,RALYH,ZT3,2022-06-30,2022-06-30,2022-07-07,2022-07-07,2.7458,2.7458,2.6007,2.6007,STOP,STOP,-5.851,-5.851,-1173.58,-1170.2,False,net_pnl; LOT_FORMULU (paper: int(alloc/((1+komisyon)*fill)); backtest: int(alloc/fill) sonra tot_cost=lots*fill*(1+komisyon))
5yil,RALYH,ZT3,2025-05-20,2025-05-20,2025-05-26,2025-05-26,129.8885,129.8885,136.8632,136.8632,TRAILING,TRAILING,5.8782,5.8782,1171.67,1171.67,True,ESLESTI
5yil,RGYAS,GTD,2025-05-23,2025-05-23,2025-05-26,2025-05-26,128.8855,128.8855,122.0739,122.0739,STOP,STOP,-5.8516,-5.8516,-1172.49,-1164.93,False,net_pnl; LOT_FORMULU (paper: int(alloc/((1+komisyon)*fill)); backtest: int(alloc/fill) sonra tot_cost=lots*fill*(1+komisyon))
5yil,RGYAS,GTD,2026-05-08,2026-05-08,2026-05-12,2026-05-12,191.0715,191.0715,180.9733,180.9733,STOP,STOP,-5.8516,-5.8516,-1166.29,-1166.29,True,ESLESTI
5yil,RGYAS,GTD,2026-05-18,2026-05-18,2026-05-20,2026-05-20,202.8066,202.8066,192.0883,192.0883,STOP,STOP,-5.8516,-5.8516,-1166.49,-1166.49,True,ESLESTI
5yil,RGYAS,ZT3,2025-06-05,2025-06-05,2025-06-13,2025-06-13,134.7029,134.7029,127.5839,127.5839,STOP,STOP,-5.8516,-5.8516,-1170.07,-1170.07,True,ESLESTI
5yil,RYSAS,ALPHA_B_SIMPLE,2026-05-27,2026-05-27,2026-06-03,2026-06-03,22.2666,22.2666,24.3228,24.3228,TRAILING,TRAILING,7.8065,7.8073,1565.62,1560.56,False,net_pnl; LOT_FORMULU (paper: int(alloc/((1+komisyon)*fill)); backtest: int(alloc/fill) sonra tot_cost=lots*fill*(1+komisyon))
5yil,RYSAS,GTD,2022-11-04,2022-11-04,2022-11-14,2022-11-14,1.6017,1.6017,2.0582,2.0582,MAX_GUN,MAX_GUN,17.3806,17.3815,3486.35,3476.18,False,net_pnl; LOT_FORMULU (paper: int(alloc/((1+komisyon)*fill)); backtest: int(alloc/fill) sonra tot_cost=lots*fill*(1+komisyon))
5yil,RYSAS,GTD,2023-04-26,2023-04-26,2023-04-28,2023-04-28,3.8568,3.8568,3.653,3.653,STOP_AMBIGUOUS,STOP_AMBIGUOUS,-5.8508,-5.8508,-1173.52,-1170.12,False,net_pnl; LOT_FORMULU (paper: int(alloc/((1+komisyon)*fill)); backtest: int(alloc/fill) sonra tot_cost=lots*fill*(1+komisyon))
5yil,RYSAS,GTD,2023-04-28,2023-04-28,2023-05-02,2023-05-02,4.0413,4.0413,3.7573,3.7573,STOP,STOP,-7.5836,-7.5836,-1520.99,-1516.69,False,net_pnl; LOT_FORMULU (paper: int(alloc/((1+komisyon)*fill)); backtest: int(alloc/fill) sonra tot_cost=lots*fill*(1+komisyon))
5yil,RYSAS,GTD,2023-05-25,2023-05-25,2023-05-26,2023-05-26,4.9972,4.9972,4.7253,4.7253,STOP,STOP,-6.0067,-6.0067,-1204.87,-1201.26,False,net_pnl; LOT_FORMULU (paper: int(alloc/((1+komisyon)*fill)); backtest: int(alloc/fill) sonra tot_cost=lots*fill*(1+komisyon))
5yil,RYSAS,GTD,2025-08-14,2025-08-14,2025-08-18,2025-08-18,21.1432,21.1432,20.0257,20.0257,STOP,STOP,-5.852,-5.852,-1172.75,-1170.27,False,net_pnl; LOT_FORMULU (paper: int(alloc/((1+komisyon)*fill)); backtest: int(alloc/fill) sonra tot_cost=lots*fill*(1+komisyon))
5yil,RYSAS,GTD,2026-09-02,2026-09-02,2026-09-03,2026-09-03,30.1101,30.1101,28.5188,28.5188,STOP,STOP,-5.8515,-5.8515,-1173.41,-1169.88,False,net_pnl; LOT_FORMULU (paper: int(alloc/((1+komisyon)*fill)); backtest: int(alloc/fill) sonra tot_cost=lots*fill*(1+komisyon))
5yil,RYSAS,GTD,2026-09-03,2026-09-03,2026-09-04,2026-09-04,30.3708,30.3708,28.1553,28.1553,STOP,STOP,-7.8494,-7.8494,-1573.33,-1568.55,False,net_pnl; LOT_FORMULU (paper: int(alloc/((1+komisyon)*fill)); backtest: int(alloc/fill) sonra tot_cost=lots*fill*(1+komisyon))
5yil,SAHOL,ALPHA_B_SIMPLE,2024-11-26,2024-11-26,2024-12-06,2024-12-06,91.0222,91.0222,95.8117,95.8117,MAX_GUN,MAX_GUN,4.6322,4.6322,926.15,926.15,True,ESLESTI
5yil,SAHOL,GTD,2022-11-24,2022-11-24,2022-12-05,2022-12-05,40.2002,40.2002,40.2389,40.2389,MAX_GUN,MAX_GUN,-0.5025,-0.5025,-100.7,-100.5,False,net_pnl; LOT_FORMULU (paper: int(alloc/((1+komisyon)*fill)); backtest: int(alloc/fill) sonra tot_cost=lots*fill*(1+komisyon))
5yil,SAHOL,GTD,2024-04-08,2024-04-08,2024-04-15,2024-04-15,89.7685,89.7685,85.0243,85.0243,STOP,STOP,-5.8515,-5.8515,-1169.62,-1169.62,True,ESLESTI
5yil,SAHOL,ZT3,2022-12-23,2022-12-23,2023-01-02,2023-01-02,43.8311,43.8311,45.6626,45.6626,MAX_GUN,MAX_GUN,3.5553,3.5553,712.74,709.61,False,net_pnl; LOT_FORMULU (paper: int(alloc/((1+komisyon)*fill)); backtest: int(alloc/fill) sonra tot_cost=lots*fill*(1+komisyon))
5yil,SARKY,GTD,2021-12-10,2021-12-10,2021-12-15,2021-12-15,6.4393,6.4393,6.8422,6.8422,TRAILING,TRAILING,6.3257,6.3259,1268.56,1264.93,False,net_pnl; LOT_FORMULU (paper: int(alloc/((1+komisyon)*fill)); backtest: int(alloc/fill) sonra tot_cost=lots*fill*(1+komisyon))
5yil,SARKY,GTD,2023-09-06,2023-09-06,2023-09-07,2023-09-07,21.8855,21.8855,20.588,20.588,STOP,STOP,-6.4913,-6.4913,-1300.95,-1298.1,False,net_pnl; LOT_FORMULU (paper: int(alloc/((1+komisyon)*fill)); backtest: int(alloc/fill) sonra tot_cost=lots*fill*(1+komisyon))
5yil,SARKY,GTD,2025-12-30,2025-12-30,2026-01-08,2026-01-08,18.3549,18.3549,22.5801,22.5801,TRAILING,TRAILING,14.6647,14.6577,2940.04,2930.54,False,net_pnl; LOT_FORMULU (paper: int(alloc/((1+komisyon)*fill)); backtest: int(alloc/fill) sonra tot_cost=lots*fill*(1+komisyon))
5yil,SARKY,GTD,2026-01-20,2026-01-20,2026-01-30,2026-01-30,29.9897,29.9897,48.853,48.853,TRAILING,TRAILING,34.4783,34.4783,6907.06,6886.32,False,net_pnl; LOT_FORMULU (paper: int(alloc/((1+komisyon)*fill)); backtest: int(alloc/fill) sonra tot_cost=lots*fill*(1+komisyon))
5yil,SARKY,ZT3,2022-10-21,2022-10-21,2022-10-25,2022-10-25,7.9478,7.9478,8.2743,8.2743,TRAILING,TRAILING,5.2581,5.2581,1054.6,1051.25,False,net_pnl; LOT_FORMULU (paper: int(alloc/((1+komisyon)*fill)); backtest: int(alloc/fill) sonra tot_cost=lots*fill*(1+komisyon))
5yil,SARKY,ZT3,2023-09-01,2023-09-01,2023-09-06,2023-09-06,18.8965,18.8965,21.0741,21.0741,TRAILING,TRAILING,9.4472,9.4485,1894.39,1889.29,False,net_pnl; LOT_FORMULU (paper: int(alloc/((1+komisyon)*fill)); backtest: int(alloc/fill) sonra tot_cost=lots*fill*(1+komisyon))
5yil,SASA,ALPHA_B_SIMPLE,2023-05-24,2023-05-24,2023-06-05,2023-06-05,6.2687,6.2687,7.9511,7.9511,MAX_GUN,MAX_GUN,16.5557,16.5557,3320.61,3310.2,False,net_pnl; LOT_FORMULU (paper: int(alloc/((1+komisyon)*fill)); backtest: int(alloc/fill) sonra tot_cost=lots*fill*(1+komisyon))
5yil,SASA,ALPHA_B_SIMPLE,2024-05-06,2024-05-06,2024-05-16,2024-05-16,5.855,5.855,6.1565,6.1565,MAX_GUN,MAX_GUN,4.5204,4.5204,906.56,903.91,False,net_pnl; LOT_FORMULU (paper: int(alloc/((1+komisyon)*fill)); backtest: int(alloc/fill) sonra tot_cost=lots*fill*(1+komisyon))
5yil,SASA,GTD,2021-11-16,2021-11-16,2021-11-26,2021-11-26,0.9086,0.9086,1.038,1.038,TRAILING,TRAILING,10.2981,10.2981,2041.98,2059.62,False,net_pnl; LOT_FORMULU (paper: int(alloc/((1+komisyon)*fill)); backtest: int(alloc/fill) sonra tot_cost=lots*fill*(1+komisyon))
5yil,SASA,GTD,2022-06-01,2022-06-01,2022-06-08,2022-06-08,1.9636,1.9636,2.3301,2.3301,TRAILING,TRAILING,12.4932,12.4927,2506.05,2498.32,False,net_pnl; LOT_FORMULU (paper: int(alloc/((1+komisyon)*fill)); backtest: int(alloc/fill) sonra tot_cost=lots*fill*(1+komisyon))
5yil,SASA,GTD,2022-08-10,2022-08-10,2022-08-16,2022-08-16,2.7022,2.7022,2.7652,2.7652,TRAILING,TRAILING,4.3748,4.3748,877.55,874.94,False,net_pnl; LOT_FORMULU (paper: int(alloc/((1+komisyon)*fill)); backtest: int(alloc/fill) sonra tot_cost=lots*fill*(1+komisyon))
5yil,SKBNK,ALPHA_B_SIMPLE,2022-03-31,2022-03-31,2022-04-11,2022-04-11,1.0231,1.0231,1.1665,1.1665,MAX_GUN,MAX_GUN,10.1814,10.1816,2042.35,2036.21,False,net_pnl; LOT_FORMULU (paper: int(alloc/((1+komisyon)*fill)); backtest: int(alloc/fill) sonra tot_cost=lots*fill*(1+komisyon))
5yil,SKBNK,ALPHA_B_SIMPLE,2022-07-21,2022-07-21,2022-07-27,2022-07-27,1.2437,1.2437,1.5344,1.5344,TRAILING,TRAILING,14.8357,14.8352,2976.02,2966.86,False,net_pnl; LOT_FORMULU (paper: int(alloc/((1+komisyon)*fill)); backtest: int(alloc/fill) sonra tot_cost=lots*fill*(1+komisyon))
5yil,SKBNK,GTD,2022-04-20,2022-04-20,2022-04-22,2022-04-22,1.1936,1.1936,1.1305,1.1305,STOP,STOP,-5.8531,-5.8531,-1174.13,-1170.56,False,net_pnl; LOT_FORMULU (paper: int(alloc/((1+komisyon)*fill)); backtest: int(alloc/fill) sonra tot_cost=lots*fill*(1+komisyon))
5yil,SKBNK,GTD,2022-05-27,2022-05-27,2022-05-30,2022-05-30,1.334,1.334,1.2463,1.2463,STOP,STOP,-7.1331,-7.1331,-1430.85,-1426.56,False,net_pnl; LOT_FORMULU (paper: int(alloc/((1+komisyon)*fill)); backtest: int(alloc/fill) sonra tot_cost=lots*fill*(1+komisyon))
5yil,SKBNK,GTD,2023-11-14,2023-11-14,2023-11-15,2023-11-15,7.5325,7.5325,7.1344,7.1344,STOP,STOP,-5.8517,-5.8517,-1173.78,-1170.24,False,net_pnl; LOT_FORMULU (paper: int(alloc/((1+komisyon)*fill)); backtest: int(alloc/fill) sonra tot_cost=lots*fill*(1+komisyon))
5yil,SKBNK,ZT3,2021-12-06,2021-12-06,2021-12-16,2021-12-16,1.2136,1.2136,1.2662,1.2662,MAX_GUN,MAX_GUN,3.7101,3.7101,744.2,741.99,False,net_pnl; LOT_FORMULU (paper: int(alloc/((1+komisyon)*fill)); backtest: int(alloc/fill) sonra tot_cost=lots*fill*(1+komisyon))
5yil,SKBNK,ZT3,2024-05-20,2024-05-20,2024-05-22,2024-05-22,5.0752,5.0752,5.4177,5.4177,TRAILING,TRAILING,6.5712,6.5712,1317.93,1313.92,False,net_pnl; LOT_FORMULU (paper: int(alloc/((1+komisyon)*fill)); backtest: int(alloc/fill) sonra tot_cost=lots*fill*(1+komisyon))
5yil,SNGYO,ALPHA_B_SIMPLE,,2021-11-05,,2021-11-08,,0.9765,,0.9206,,STOP,,-6.2885,,-1237.06,False,"EKSIK_BACKTEST (paper'da var, simulate_priority_portfolio'da yok)"
5yil,SNGYO,ALPHA_B_SIMPLE,2025-03-04,2025-03-04,2025-03-13,2025-03-13,3.1695,3.1695,3.3998,3.3998,TRAILING,TRAILING,10.3769,10.3763,2081.56,2075.18,False,net_pnl; LOT_FORMULU (paper: int(alloc/((1+komisyon)*fill)); backtest: int(alloc/fill) sonra tot_cost=lots*fill*(1+komisyon))
5yil,SNGYO,ALPHA_B_SIMPLE,2026-06-23,2026-06-23,2026-06-26,2026-06-26,3.9318,3.9318,3.724,3.724,STOP,STOP,-5.8517,-5.8517,-1173.68,-1170.22,False,net_pnl; LOT_FORMULU (paper: int(alloc/((1+komisyon)*fill)); backtest: int(alloc/fill) sonra tot_cost=lots*fill*(1+komisyon))
5yil,SNGYO,GTD,2024-01-29,2024-01-29,2024-02-08,2024-02-08,1.2863,1.2863,1.3048,1.3048,MAX_GUN,MAX_GUN,0.8314,0.8314,166.78,166.27,False,net_pnl; LOT_FORMULU (paper: int(alloc/((1+komisyon)*fill)); backtest: int(alloc/fill) sonra tot_cost=lots*fill*(1+komisyon))
5yil,SNGYO,ZT3,2022-06-15,2022-06-15,2022-06-27,2022-06-27,1.9947,1.9947,2.183,2.183,MAX_GUN,MAX_GUN,7.9083,7.9083,1586.31,1581.56,False,net_pnl; LOT_FORMULU (paper: int(alloc/((1+komisyon)*fill)); backtest: int(alloc/fill) sonra tot_cost=lots*fill*(1+komisyon))
5yil,SOKM,GTD,2023-08-07,2023-08-07,2023-08-11,2023-08-11,46.138,46.138,47.7364,47.7364,TRAILING,TRAILING,4.9338,4.9386,988.61,987.3,False,net_pnl; LOT_FORMULU (paper: int(alloc/((1+komisyon)*fill)); backtest: int(alloc/fill) sonra tot_cost=lots*fill*(1+komisyon))
5yil,SOKM,GTD,2025-10-27,2025-10-27,2025-11-06,2025-11-07,44.6134,44.6134,47.9557,47.4971,MAX_GUN,MAX_GUN,7.8483,7.3374,1573.33,1464.34,False,cikis_tarihi; cikis_fiyati; net_pnl; net_getiri; LOT_FORMULU (paper: int(alloc/((1+komisyon)*fill)); backtest: int(alloc/fill) sonra tot_cost=lots*fill*(1+komisyon))
5yil,SOKM,GTD,2026-02-25,2026-02-25,2026-02-26,2026-02-26,70.21,70.21,66.4994,66.4994,STOP,STOP,-5.8516,-5.8516,-1170.29,-1170.29,True,ESLESTI
5yil,TABGD,ALPHA_B_SIMPLE,2024-11-12,2024-11-12,2024-11-22,2024-11-22,142.3257,142.3257,143.568,143.568,MAX_GUN,MAX_GUN,0.2694,0.2694,53.85,53.85,True,ESLESTI
5yil,TABGD,GTD,2025-03-17,2025-03-17,2025-03-19,2025-03-19,179.2361,179.2361,163.508,163.508,STOP,STOP,-9.3208,-9.3208,-1859.95,-1859.95,True,ESLESTI
5yil,TABGD,GTD,2025-09-19,2025-09-19,2025-09-29,2025-09-29,232.696,232.696,234.5941,234.5941,MAX_GUN,MAX_GUN,0.2126,0.2126,42.18,42.18,True,ESLESTI
5yil,TAVHL,ALPHA_B_SIMPLE,2023-10-02,2023-10-02,2023-10-09,2023-10-09,125.6759,125.6759,131.8433,131.8433,TRAILING,TRAILING,5.6472,5.6559,1131.84,1126.44,False,net_pnl; LOT_FORMULU (paper: int(alloc/((1+komisyon)*fill)); backtest: int(alloc/fill) sonra tot_cost=lots*fill*(1+komisyon))
5yil,TAVHL,ALPHA_B_SIMPLE,2024-01-09,2024-01-09,2024-01-19,2024-01-19,114.9438,114.9438,127.616,127.616,MAX_GUN,MAX_GUN,8.7058,8.7058,1736.37,1736.37,True,ESLESTI
5yil,TAVHL,ALPHA_B_SIMPLE,2025-10-28,2025-10-28,2025-11-07,2025-11-07,263.0367,263.0367,267.4452,267.4452,MAX_GUN,MAX_GUN,1.0678,1.0678,214.1,211.28,False,net_pnl; LOT_FORMULU (paper: int(alloc/((1+komisyon)*fill)); backtest: int(alloc/fill) sonra tot_cost=lots*fill*(1+komisyon))
5yil,TAVHL,GTD,2024-11-26,2024-11-26,2024-12-06,2024-12-06,277.5802,277.5802,280.9047,280.9047,MAX_GUN,MAX_GUN,0.5923,0.5923,118.73,117.08,False,net_pnl; LOT_FORMULU (paper: int(alloc/((1+komisyon)*fill)); backtest: int(alloc/fill) sonra tot_cost=lots*fill*(1+komisyon))
5yil,TAVHL,GTD,2026-01-05,2026-01-05,2026-01-15,2026-01-15,311.6822,311.6822,320.2862,320.2862,MAX_GUN,MAX_GUN,2.1458,2.1458,429.32,422.61,False,net_pnl; LOT_FORMULU (paper: int(alloc/((1+komisyon)*fill)); backtest: int(alloc/fill) sonra tot_cost=lots*fill*(1+komisyon))
5yil,TCELL,GTD,,2021-11-17,,2021-11-29,,17.372,,18.4246,,MAX_GUN,,6.2277,,1244.63,False,"EKSIK_BACKTEST (paper'da var, simulate_priority_portfolio'da yok)"
5yil,TCELL,GTD,2021-12-10,2021-12-10,2021-12-17,2021-12-17,20.3408,20.3408,22.3527,22.3527,TRAILING,TRAILING,8.2116,8.2105,1646.83,1641.6,False,net_pnl; LOT_FORMULU (paper: int(alloc/((1+komisyon)*fill)); backtest: int(alloc/fill) sonra tot_cost=lots*fill*(1+komisyon))
5yil,TCELL,GTD,2022-09-09,2022-09-09,2022-09-14,2022-09-14,24.3729,24.3729,23.0848,23.0848,STOP,STOP,0.7473,0.7473,149.79,149.43,False,net_pnl; LOT_FORMULU (paper: int(alloc/((1+komisyon)*fill)); backtest: int(alloc/fill) sonra tot_cost=lots*fill*(1+komisyon))
5yil,TCELL,GTD,2024-01-31,2024-01-31,2024-02-12,2024-02-12,69.558,69.558,70.6873,70.6873,MAX_GUN,MAX_GUN,1.0156,1.0156,203.36,202.65,False,net_pnl; LOT_FORMULU (paper: int(alloc/((1+komisyon)*fill)); backtest: int(alloc/fill) sonra tot_cost=lots*fill*(1+komisyon))
5yil,THYAO,GTD,2022-05-27,2022-05-27,2022-06-03,2022-06-03,44.5934,44.5934,48.3994,48.3994,TRAILING,TRAILING,7.4588,7.4597,1494.57,1491.43,False,net_pnl; LOT_FORMULU (paper: int(alloc/((1+komisyon)*fill)); backtest: int(alloc/fill) sonra tot_cost=lots*fill*(1+komisyon))
5yil,TKFEN,ALPHA_B_SIMPLE,2022-06-21,2022-06-21,2022-06-27,2022-06-27,21.8855,21.8855,22.4325,22.4325,TRAILING,TRAILING,4.4562,4.4562,893.08,891.12,False,net_pnl; LOT_FORMULU (paper: int(alloc/((1+komisyon)*fill)); backtest: int(alloc/fill) sonra tot_cost=lots*fill*(1+komisyon))
5yil,TKFEN,GTD,2021-11-02,2021-11-02,2021-11-12,2021-11-12,15.6869,15.6869,16.2312,16.2312,MAX_GUN,MAX_GUN,2.8508,2.8508,571.45,570.1,False,net_pnl; LOT_FORMULU (paper: int(alloc/((1+komisyon)*fill)); backtest: int(alloc/fill) sonra tot_cost=lots*fill*(1+komisyon))
5yil,TKFEN,GTD,2023-09-15,2023-09-15,2023-09-18,2023-09-18,52.507,52.507,49.732,49.732,STOP,STOP,-5.8516,-5.8516,-1171.05,-1167.97,False,net_pnl; LOT_FORMULU (paper: int(alloc/((1+komisyon)*fill)); backtest: int(alloc/fill) sonra tot_cost=lots*fill*(1+komisyon))
5yil,TKFEN,GTD,2024-02-16,2024-02-16,2024-02-26,2024-02-26,46.3587,46.3587,47.6566,47.6566,MAX_GUN,MAX_GUN,2.1847,2.1847,437.83,436.82,False,net_pnl; LOT_FORMULU (paper: int(alloc/((1+komisyon)*fill)); backtest: int(alloc/fill) sonra tot_cost=lots*fill*(1+komisyon))
5yil,TKFEN,GTD,2024-10-17,2024-10-17,2024-10-28,2024-10-28,65.847,65.847,74.1768,74.1768,MAX_GUN,MAX_GUN,9.5123,9.5042,1903.56,1895.65,False,net_pnl; LOT_FORMULU (paper: int(alloc/((1+komisyon)*fill)); backtest: int(alloc/fill) sonra tot_cost=lots*fill*(1+komisyon))
5yil,TKFEN,GTD,2026-09-24,2026-09-24,2026-09-29,2026-09-29,266.798,266.798,252.6977,252.6977,STOP,STOP,-5.8516,-5.8516,-1158.75,-1158.75,True,ESLESTI
5yil,TOASO,ALPHA_B_SIMPLE,2022-04-06,2022-04-06,2022-04-18,2022-04-18,82.597,82.597,86.8387,86.8387,MAX_GUN,MAX_GUN,4.5065,4.5065,903.48,899.75,False,net_pnl; LOT_FORMULU (paper: int(alloc/((1+komisyon)*fill)); backtest: int(alloc/fill) sonra tot_cost=lots*fill*(1+komisyon))
5yil,TOASO,GTD,2021-11-10,2021-11-10,2021-11-22,2021-11-23,61.2833,61.2833,69.1918,74.9246,MAX_GUN,MAX_GUN,9.6306,14.304,1835.1,2646.48,False,cikis_tarihi; cikis_fiyati; net_pnl; net_getiri; LOT_FORMULU (paper: int(alloc/((1+komisyon)*fill)); backtest: int(alloc/fill) sonra tot_cost=lots*fill*(1+komisyon))
5yil,TOASO,GTD,2026-01-06,2026-01-06,2026-01-16,2026-01-16,270.81,270.81,286.8868,286.8868,MAX_GUN,MAX_GUN,5.3028,5.3028,1051.47,1051.47,True,ESLESTI
5yil,TOASO,GTD,2026-02-13,2026-02-13,2026-02-23,2026-02-23,331.4915,331.4915,332.4995,332.4995,MAX_GUN,MAX_GUN,-0.2959,-0.2959,-59.04,-59.04,True,ESLESTI
5yil,TRALT,ALPHA_B_SIMPLE,2024-07-17,2024-07-17,2024-07-29,2024-07-29,23.3298,23.3298,23.3697,23.3697,MAX_GUN,MAX_GUN,-0.4282,-0.4282,-85.87,-85.57,False,net_pnl; LOT_FORMULU (paper: int(alloc/((1+komisyon)*fill)); backtest: int(alloc/fill) sonra tot_cost=lots*fill*(1+komisyon))
5yil,TRENJ,ALPHA_B_SIMPLE,2024-11-13,2024-11-13,2024-11-25,2024-11-25,36.9505,36.9505,50.9966,50.9966,MAX_GUN,MAX_GUN,22.1376,22.1377,4438.64,4422.25,False,net_pnl; LOT_FORMULU (paper: int(alloc/((1+komisyon)*fill)); backtest: int(alloc/fill) sonra tot_cost=lots*fill*(1+komisyon))
5yil,TRENJ,GTD,2021-10-27,2021-10-27,2021-11-03,2021-11-03,13.4703,13.4703,12.7584,12.7584,STOP,STOP,-5.8516,-5.8516,-1170.86,-1170.07,False,net_pnl; LOT_FORMULU (paper: int(alloc/((1+komisyon)*fill)); backtest: int(alloc/fill) sonra tot_cost=lots*fill*(1+komisyon))
5yil,TRENJ,GTD,2025-10-06,2025-10-06,2025-10-10,2025-10-10,78.886,78.886,74.7169,74.7169,STOP,STOP,-5.8516,-5.8516,-1171.37,-1166.74,False,net_pnl; LOT_FORMULU (paper: int(alloc/((1+komisyon)*fill)); backtest: int(alloc/fill) sonra tot_cost=lots*fill*(1+komisyon))
5yil,TRENJ,ZT3,2024-03-07,2024-03-07,2024-03-12,2024-03-12,44.3326,44.3326,41.9897,41.9897,STOP,STOP,-5.8514,-5.8514,-1173.44,-1168.24,False,net_pnl; LOT_FORMULU (paper: int(alloc/((1+komisyon)*fill)); backtest: int(alloc/fill) sonra tot_cost=lots*fill*(1+komisyon))
5yil,TRGYO,ALPHA_B_SIMPLE,2022-08-04,2022-08-04,2022-08-05,2022-08-05,9.4282,9.4282,8.9299,8.9299,STOP,STOP,-5.8518,-5.8518,-1173.71,-1169.83,False,net_pnl; LOT_FORMULU (paper: int(alloc/((1+komisyon)*fill)); backtest: int(alloc/fill) sonra tot_cost=lots*fill*(1+komisyon))
5yil,TRGYO,GTD,2022-04-22,2022-04-22,2022-04-25,2022-04-25,7.7231,7.7231,7.2283,7.2283,STOP,STOP,-6.9666,-6.9666,-1397.16,-1392.85,False,net_pnl; LOT_FORMULU (paper: int(alloc/((1+komisyon)*fill)); backtest: int(alloc/fill) sonra tot_cost=lots*fill*(1+komisyon))
5yil,TRGYO,GTD,2022-06-07,2022-06-07,2022-06-17,2022-06-17,8.6759,8.6759,8.6141,8.6141,MAX_GUN,MAX_GUN,-1.3063,-1.3063,-262.01,-261.21,False,net_pnl; LOT_FORMULU (paper: int(alloc/((1+komisyon)*fill)); backtest: int(alloc/fill) sonra tot_cost=lots*fill*(1+komisyon))
5yil,TRGYO,GTD,2022-10-25,2022-10-25,2022-11-04,2022-11-04,11.8354,11.8354,13.2601,13.2601,MAX_GUN,MAX_GUN,9.201,9.1997,1844.79,1839.08,False,net_pnl; LOT_FORMULU (paper: int(alloc/((1+komisyon)*fill)); backtest: int(alloc/fill) sonra tot_cost=lots*fill*(1+komisyon))
5yil,TRGYO,GTD,2022-11-23,2022-11-23,2022-11-29,2022-11-29,14.8143,14.8143,17.0676,17.0676,TRAILING,TRAILING,10.7763,10.7763,2161.66,2155.25,False,net_pnl; LOT_FORMULU (paper: int(alloc/((1+komisyon)*fill)); backtest: int(alloc/fill) sonra tot_cost=lots*fill*(1+komisyon))
5yil,TRGYO,GTD,2023-07-05,2023-07-05,2023-07-13,2023-07-13,18.5655,18.5655,20.5532,20.5532,TRAILING,TRAILING,8.5392,8.5378,1712.54,1707.49,False,net_pnl; LOT_FORMULU (paper: int(alloc/((1+komisyon)*fill)); backtest: int(alloc/fill) sonra tot_cost=lots*fill*(1+komisyon))
5yil,TRGYO,GTD,2023-07-19,2023-07-19,2023-07-25,2023-07-25,21.2837,21.2837,23.2431,23.2431,TRAILING,TRAILING,7.7931,7.7923,1562.15,1557.0,False,net_pnl; LOT_FORMULU (paper: int(alloc/((1+komisyon)*fill)); backtest: int(alloc/fill) sonra tot_cost=lots*fill*(1+komisyon))
5yil,TRGYO,GTD,2024-07-17,2024-07-17,2024-07-22,2024-07-22,56.7698,56.7698,52.2428,52.2428,STOP,STOP,-8.5248,-8.5248,-1708.62,-1703.77,False,net_pnl; LOT_FORMULU (paper: int(alloc/((1+komisyon)*fill)); backtest: int(alloc/fill) sonra tot_cost=lots*fill*(1+komisyon))
5yil,TRGYO,GTD,2024-12-31,2024-12-31,2025-01-09,2025-01-09,62.9884,62.9884,59.6595,59.6595,STOP,STOP,-5.8515,-5.8515,-1171.9,-1168.2,False,net_pnl; LOT_FORMULU (paper: int(alloc/((1+komisyon)*fill)); backtest: int(alloc/fill) sonra tot_cost=lots*fill*(1+komisyon))
5yil,TRGYO,ZT3,2023-11-08,2023-11-08,2023-11-20,2023-11-20,36.6095,36.6095,36.1712,36.1712,MAX_GUN,MAX_GUN,-1.7883,-1.7883,-358.53,-357.21,False,net_pnl; LOT_FORMULU (paper: int(alloc/((1+komisyon)*fill)); backtest: int(alloc/fill) sonra tot_cost=lots*fill*(1+komisyon))
5yil,TRMET,ALPHA_B_SIMPLE,2025-01-21,2025-01-21,2025-01-29,2025-01-29,74.9742,74.9742,71.0118,71.0118,STOP,STOP,-5.8516,-5.8516,-1170.5,-1166.09,False,net_pnl; LOT_FORMULU (paper: int(alloc/((1+komisyon)*fill)); backtest: int(alloc/fill) sonra tot_cost=lots*fill*(1+komisyon))
5yil,TRMET,GTD,2025-11-21,2025-11-21,2025-11-25,2025-11-25,102.8075,102.8075,97.0081,97.0081,STOP,STOP,-6.2055,-6.2055,-1241.38,-1234.98,False,net_pnl; LOT_FORMULU (paper: int(alloc/((1+komisyon)*fill)); backtest: int(alloc/fill) sonra tot_cost=lots*fill*(1+komisyon))
5yil,TSKB,GTD,2022-06-01,2022-06-01,2022-06-02,2022-06-02,2.2267,2.2267,2.1091,2.1091,STOP,STOP,-5.848,-5.848,-1172.99,-1169.59,False,net_pnl; LOT_FORMULU (paper: int(alloc/((1+komisyon)*fill)); backtest: int(alloc/fill) sonra tot_cost=lots*fill*(1+komisyon))
5yil,TSKB,GTD,2022-06-02,2022-06-02,2022-06-03,2022-06-03,2.3069,2.3069,2.1136,2.1136,STOP,STOP,-8.9273,-8.9273,-1790.68,-1785.31,False,net_pnl; LOT_FORMULU (paper: int(alloc/((1+komisyon)*fill)); backtest: int(alloc/fill) sonra tot_cost=lots*fill*(1+komisyon))
5yil,TSKB,GTD,2024-02-14,2024-02-14,2024-02-16,2024-02-16,9.368,9.368,8.8729,8.8729,STOP,STOP,-5.8516,-5.8516,-1173.32,-1170.02,False,net_pnl; LOT_FORMULU (paper: int(alloc/((1+komisyon)*fill)); backtest: int(alloc/fill) sonra tot_cost=lots*fill*(1+komisyon))
5yil,TSKB,ZT3,2024-06-24,2024-06-24,2024-06-28,2024-06-28,12.377,12.377,11.7229,11.7229,STOP,STOP,-5.8514,-5.8514,-1173.14,-1170.23,False,net_pnl; LOT_FORMULU (paper: int(alloc/((1+komisyon)*fill)); backtest: int(alloc/fill) sonra tot_cost=lots*fill*(1+komisyon))
5yil,TTKOM,ALPHA_B_SIMPLE,2023-11-10,2023-11-10,2023-11-13,2023-11-13,22.728,22.728,21.5268,21.5268,STOP,STOP,-5.8517,-5.8517,-1172.55,-1169.89,False,net_pnl; LOT_FORMULU (paper: int(alloc/((1+komisyon)*fill)); backtest: int(alloc/fill) sonra tot_cost=lots*fill*(1+komisyon))
5yil,TTKOM,GTD,2023-12-06,2023-12-06,2023-12-11,2023-12-11,24.754,24.754,25.8193,25.8193,TRAILING,TRAILING,5.3536,5.3536,1072.67,1070.01,False,net_pnl; LOT_FORMULU (paper: int(alloc/((1+komisyon)*fill)); backtest: int(alloc/fill) sonra tot_cost=lots*fill*(1+komisyon))
5yil,TTRAK,ALPHA_B_SIMPLE,2026-01-08,2026-01-08,2026-01-19,2026-01-19,548.1395,548.1395,563.305,563.305,MAX_GUN,MAX_GUN,2.152,2.152,425.92,425.92,True,ESLESTI
5yil,TTRAK,GTD,2023-08-23,2023-08-23,2023-08-24,2023-08-24,871.3061,871.3061,805.2769,805.2769,STOP,STOP,-8.1311,-8.1311,-1563.3,-1563.3,True,ESLESTI
5yil,TTRAK,GTD,2023-09-01,2023-09-01,2023-09-11,2023-09-11,912.9306,912.9306,985.7937,985.7937,TRAILING,TRAILING,7.1908,7.1908,1382.72,1382.72,True,ESLESTI
5yil,TTRAK,GTD,2025-03-21,2025-03-21,2025-03-24,2025-03-24,827.475,827.475,783.7429,783.7429,STOP,STOP,-5.8516,-5.8516,-1165.58,-1165.58,True,ESLESTI
5yil,TUKAS,ALPHA_B_SIMPLE,2021-11-05,2021-11-05,2021-11-15,2021-11-15,1.3448,1.3448,1.3164,1.3164,MAX_GUN,MAX_GUN,-2.6974,-2.6974,-530.65,-530.62,True,ESLESTI
5yil,TUKAS,ALPHA_B_SIMPLE,2025-03-13,2025-03-13,2025-03-18,2025-03-18,2.1665,2.1665,2.2447,2.2447,TRAILING,TRAILING,5.0106,5.0106,1005.07,1002.02,False,net_pnl; LOT_FORMULU (paper: int(alloc/((1+komisyon)*fill)); backtest: int(alloc/fill) sonra tot_cost=lots*fill*(1+komisyon))
5yil,TUKAS,GTD,2022-03-30,2022-03-30,2022-04-04,2022-04-04,1.5602,1.5602,1.4778,1.4778,STOP,STOP,-5.848,-5.848,-1173.03,-1169.55,False,net_pnl; LOT_FORMULU (paper: int(alloc/((1+komisyon)*fill)); backtest: int(alloc/fill) sonra tot_cost=lots*fill*(1+komisyon))
5yil,TUKAS,GTD,2022-10-05,2022-10-05,2022-10-13,2022-10-13,5.112,5.112,5.6513,5.6513,TRAILING,TRAILING,8.4602,8.4602,1696.95,1691.74,False,net_pnl; LOT_FORMULU (paper: int(alloc/((1+komisyon)*fill)); backtest: int(alloc/fill) sonra tot_cost=lots*fill*(1+komisyon))
5yil,TUKAS,GTD,2023-07-07,2023-07-07,2023-07-12,2023-07-12,5.6369,5.6369,6.147,6.147,TRAILING,TRAILING,7.7145,7.7147,1547.51,1542.75,False,net_pnl; LOT_FORMULU (paper: int(alloc/((1+komisyon)*fill)); backtest: int(alloc/fill) sonra tot_cost=lots*fill*(1+komisyon))
5yil,TUKAS,GTD,2023-07-13,2023-07-13,2023-07-14,2023-07-14,6.2387,6.2387,5.909,5.909,STOP,STOP,-5.8513,-5.8513,-1173.49,-1170.19,False,net_pnl; LOT_FORMULU (paper: int(alloc/((1+komisyon)*fill)); backtest: int(alloc/fill) sonra tot_cost=lots*fill*(1+komisyon))
5yil,TUKAS,GTD,2024-08-08,2024-08-08,2024-08-09,2024-08-09,9.6288,9.6288,9.12,9.12,STOP,STOP,-5.8507,-5.8507,-1173.6,-1169.65,False,net_pnl; LOT_FORMULU (paper: int(alloc/((1+komisyon)*fill)); backtest: int(alloc/fill) sonra tot_cost=lots*fill*(1+komisyon))
5yil,TUKAS,GTD,2025-09-17,2025-09-17,2025-09-18,2025-09-18,4.1123,4.1123,3.895,3.895,STOP,STOP,-5.8507,-5.8507,-1173.55,-1169.93,False,net_pnl; LOT_FORMULU (paper: int(alloc/((1+komisyon)*fill)); backtest: int(alloc/fill) sonra tot_cost=lots*fill*(1+komisyon))
5yil,TUKAS,ZT3,2023-09-01,2023-09-01,2023-09-07,2023-09-07,10.9828,10.9828,12.4645,12.4645,TRAILING,TRAILING,9.9234,9.9234,1990.61,1984.05,False,net_pnl; LOT_FORMULU (paper: int(alloc/((1+komisyon)*fill)); backtest: int(alloc/fill) sonra tot_cost=lots*fill*(1+komisyon))
5yil,TUPRS,GTD,2023-08-10,2023-08-10,2023-08-21,2023-08-21,107.321,107.321,139.2809,139.2809,MAX_GUN,MAX_GUN,18.0176,18.077,3607.42,3599.85,False,net_pnl; net_getiri; LOT_FORMULU (paper: int(alloc/((1+komisyon)*fill)); backtest: int(alloc/fill) sonra tot_cost=lots*fill*(1+komisyon))
5yil,TUPRS,GTD,2025-08-01,2025-08-01,2025-08-11,2025-08-11,169.4067,169.4067,163.9068,163.9068,MAX_GUN,MAX_GUN,-3.8254,-3.8254,-766.98,-760.48,False,net_pnl; LOT_FORMULU (paper: int(alloc/((1+komisyon)*fill)); backtest: int(alloc/fill) sonra tot_cost=lots*fill*(1+komisyon))
5yil,TUPRS,GTD,2026-01-16,2026-01-16,2026-01-26,2026-01-26,219.2558,219.2558,226.319,226.319,MAX_GUN,MAX_GUN,2.604,2.604,521.11,515.38,False,net_pnl; LOT_FORMULU (paper: int(alloc/((1+komisyon)*fill)); backtest: int(alloc/fill) sonra tot_cost=lots*fill*(1+komisyon))
5yil,TURSG,GTD,2022-04-06,2022-04-06,2022-04-18,2022-04-18,0.3204,0.3204,0.3584,0.3584,MAX_GUN,MAX_GUN,9.1124,9.1124,1827.92,1822.48,False,net_pnl; LOT_FORMULU (paper: int(alloc/((1+komisyon)*fill)); backtest: int(alloc/fill) sonra tot_cost=lots*fill*(1+komisyon))
5yil,TURSG,GTD,2024-04-24,2024-04-24,2024-05-06,2024-05-06,3.6639,3.6639,3.7868,3.7868,MAX_GUN,MAX_GUN,2.7361,2.7361,548.79,547.18,False,net_pnl; LOT_FORMULU (paper: int(alloc/((1+komisyon)*fill)); backtest: int(alloc/fill) sonra tot_cost=lots*fill*(1+komisyon))
5yil,TURSG,GTD,2024-05-28,2024-05-28,2024-05-30,2024-05-30,4.3105,4.3105,4.0827,4.0827,STOP,STOP,-5.8514,-5.8514,-1173.57,-1170.03,False,net_pnl; LOT_FORMULU (paper: int(alloc/((1+komisyon)*fill)); backtest: int(alloc/fill) sonra tot_cost=lots*fill*(1+komisyon))
5yil,TURSG,GTD,2024-06-04,2024-06-04,2024-06-14,2024-06-14,4.6892,4.6892,4.4413,4.4413,STOP,STOP,-5.8532,-5.8532,-1174.12,-1170.54,False,net_pnl; LOT_FORMULU (paper: int(alloc/((1+komisyon)*fill)); backtest: int(alloc/fill) sonra tot_cost=lots*fill*(1+komisyon))
5yil,TURSG,ZT3,2023-09-14,2023-09-14,2023-09-18,2023-09-18,1.8407,1.8407,1.7435,1.7435,STOP,STOP,-5.8472,-5.8472,-1172.9,-1169.34,False,net_pnl; LOT_FORMULU (paper: int(alloc/((1+komisyon)*fill)); backtest: int(alloc/fill) sonra tot_cost=lots*fill*(1+komisyon))
5yil,TURSG,ZT3,2023-09-22,2023-09-22,2023-09-29,2023-09-29,1.963,1.963,2.2058,2.2058,TRAILING,TRAILING,9.504,9.504,1906.41,1900.8,False,net_pnl; LOT_FORMULU (paper: int(alloc/((1+komisyon)*fill)); backtest: int(alloc/fill) sonra tot_cost=lots*fill*(1+komisyon))
5yil,ULKER,ALPHA_B_SIMPLE,2023-11-21,2023-11-21,2023-11-29,2023-11-29,92.1255,92.1255,87.2566,87.2566,STOP,STOP,-5.8517,-5.8517,-1173.33,-1167.92,False,net_pnl; LOT_FORMULU (paper: int(alloc/((1+komisyon)*fill)); backtest: int(alloc/fill) sonra tot_cost=lots*fill*(1+komisyon))
5yil,ULKER,GTD,2024-02-14,2024-02-14,2024-02-26,2024-02-26,107.2207,107.2207,109.0718,109.0718,MAX_GUN,MAX_GUN,1.1179,1.1179,223.61,222.41,False,net_pnl; LOT_FORMULU (paper: int(alloc/((1+komisyon)*fill)); backtest: int(alloc/fill) sonra tot_cost=lots*fill*(1+komisyon))
5yil,ULKER,GTD,2024-05-17,2024-05-17,2024-05-27,2024-05-27,129.2867,129.2867,138.583,138.583,MAX_GUN,MAX_GUN,6.7905,6.7905,1356.06,1356.06,True,ESLESTI
5yil,VAKBN,ALPHA_B_SIMPLE,2024-09-06,2024-09-06,2024-09-11,2024-09-11,21.2435,21.2435,20.1208,20.1208,STOP,STOP,-5.8515,-5.8515,-1173.23,-1169.49,False,net_pnl; LOT_FORMULU (paper: int(alloc/((1+komisyon)*fill)); backtest: int(alloc/fill) sonra tot_cost=lots*fill*(1+komisyon))
5yil,VAKBN,ALPHA_B_SIMPLE,2026-06-16,2026-06-16,2026-06-25,2026-06-25,34.0819,34.0819,32.2807,32.2807,STOP,STOP,-5.8515,-5.8515,-1172.17,-1170.17,False,net_pnl; LOT_FORMULU (paper: int(alloc/((1+komisyon)*fill)); backtest: int(alloc/fill) sonra tot_cost=lots*fill*(1+komisyon))
5yil,VAKBN,GTD,2022-04-15,2022-04-15,2022-04-22,2022-04-22,4.0922,4.0922,4.5558,4.5558,TRAILING,TRAILING,8.8475,8.8472,1774.69,1769.17,False,net_pnl; LOT_FORMULU (paper: int(alloc/((1+komisyon)*fill)); backtest: int(alloc/fill) sonra tot_cost=lots*fill*(1+komisyon))
5yil,VAKBN,GTD,2022-08-19,2022-08-19,2022-08-29,2022-08-29,4.7943,4.7943,6.6301,6.6301,MAX_GUN,MAX_GUN,22.2515,22.2515,4462.99,4450.15,False,net_pnl; LOT_FORMULU (paper: int(alloc/((1+komisyon)*fill)); backtest: int(alloc/fill) sonra tot_cost=lots*fill*(1+komisyon))
5yil,VAKBN,GTD,2024-09-27,2024-09-27,2024-10-01,2024-10-01,23.2295,23.2295,22.0018,22.0018,STOP,STOP,-5.8517,-5.8517,-1172.52,-1169.79,False,net_pnl; LOT_FORMULU (paper: int(alloc/((1+komisyon)*fill)); backtest: int(alloc/fill) sonra tot_cost=lots*fill*(1+komisyon))
5yil,VESTL,GTD,2024-05-07,2024-05-07,2024-05-08,2024-05-08,98.7955,98.7955,93.5741,93.5741,STOP,STOP,-5.8516,-5.8516,-1171.3,-1165.5,False,net_pnl; LOT_FORMULU (paper: int(alloc/((1+komisyon)*fill)); backtest: int(alloc/fill) sonra tot_cost=lots*fill*(1+komisyon))
5yil,VESTL,GTD,2024-12-12,2024-12-12,2024-12-16,2024-12-16,72.868,72.868,69.0169,69.0169,STOP,STOP,-5.8516,-5.8516,-1171.83,-1167.55,False,net_pnl; LOT_FORMULU (paper: int(alloc/((1+komisyon)*fill)); backtest: int(alloc/fill) sonra tot_cost=lots*fill*(1+komisyon))
5yil,YEOTK,GTD,2023-03-20,2023-03-20,2023-03-21,2023-03-21,9.1068,9.1068,8.1471,8.1471,STOP,STOP,-11.0734,-11.0734,-2221.17,-2214.09,False,net_pnl; LOT_FORMULU (paper: int(alloc/((1+komisyon)*fill)); backtest: int(alloc/fill) sonra tot_cost=lots*fill*(1+komisyon))
5yil,YEOTK,GTD,2026-05-06,2026-05-06,2026-05-15,2026-05-15,28.3136,28.3136,43.2824,43.2824,TRAILING,TRAILING,29.4927,29.4927,5913.11,5896.36,False,net_pnl; LOT_FORMULU (paper: int(alloc/((1+komisyon)*fill)); backtest: int(alloc/fill) sonra tot_cost=lots*fill*(1+komisyon))
5yil,YKBNK,GTD,2022-08-12,2022-08-12,2022-08-16,2022-08-16,5.6369,5.6369,5.339,5.339,STOP,STOP,-5.8514,-5.8514,-1173.78,-1170.14,False,net_pnl; LOT_FORMULU (paper: int(alloc/((1+komisyon)*fill)); backtest: int(alloc/fill) sonra tot_cost=lots*fill*(1+komisyon))
5yil,YKBNK,GTD,2023-08-11,2023-08-11,2023-08-21,2023-08-21,15.7672,15.7672,15.962,15.962,MAX_GUN,MAX_GUN,0.6299,0.6299,126.31,125.91,False,net_pnl; LOT_FORMULU (paper: int(alloc/((1+komisyon)*fill)); backtest: int(alloc/fill) sonra tot_cost=lots*fill*(1+komisyon))
5yil,YKBNK,GTD,2024-11-28,2024-11-28,2024-12-02,2024-12-02,30.4511,30.4511,28.8417,28.8417,STOP,STOP,-5.8518,-5.8518,-1172.45,-1168.88,False,net_pnl; LOT_FORMULU (paper: int(alloc/((1+komisyon)*fill)); backtest: int(alloc/fill) sonra tot_cost=lots*fill*(1+komisyon))
5yil,ZOREN,ALPHA_B_SIMPLE,2023-04-12,2023-04-12,2023-04-13,2023-04-13,3.2551,3.2551,3.0365,3.0365,STOP,STOP,-7.2736,-7.2736,-1459.05,-1454.53,False,net_pnl; LOT_FORMULU (paper: int(alloc/((1+komisyon)*fill)); backtest: int(alloc/fill) sonra tot_cost=lots*fill*(1+komisyon))
5yil,ZOREN,GTD,2022-11-04,2022-11-04,2022-11-08,2022-11-08,3.2855,3.2855,3.5212,3.5212,TRAILING,TRAILING,6.8701,6.8701,1378.06,1373.99,False,net_pnl; LOT_FORMULU (paper: int(alloc/((1+komisyon)*fill)); backtest: int(alloc/fill) sonra tot_cost=lots*fill*(1+komisyon))
5yil,ZOREN,GTD,2022-11-08,2022-11-08,2022-11-16,2022-11-16,3.5831,3.5831,4.7369,4.7369,TRAILING,TRAILING,19.2228,19.2228,3855.56,3844.51,False,net_pnl; LOT_FORMULU (paper: int(alloc/((1+komisyon)*fill)); backtest: int(alloc/fill) sonra tot_cost=lots*fill*(1+komisyon))
5yil,ZOREN,GTD,2023-08-17,2023-08-17,2023-08-24,2023-08-24,4.9448,4.9448,4.6835,4.6835,STOP,STOP,-5.8509,-5.8509,-1173.51,-1170.03,False,net_pnl; LOT_FORMULU (paper: int(alloc/((1+komisyon)*fill)); backtest: int(alloc/fill) sonra tot_cost=lots*fill*(1+komisyon))
5yil,ZOREN,GTD,2026-02-06,2026-02-06,2026-02-16,2026-02-16,3.4503,3.4503,3.669,3.669,MAX_GUN,MAX_GUN,5.7025,5.7025,1143.79,1140.44,False,net_pnl; LOT_FORMULU (paper: int(alloc/((1+komisyon)*fill)); backtest: int(alloc/fill) sonra tot_cost=lots*fill*(1+komisyon))
5yil,ZOREN,GTD,2026-05-12,2026-05-12,2026-05-13,2026-05-13,3.4303,3.4303,3.249,3.249,STOP,STOP,-5.8518,-5.8518,-1173.8,-1170.18,False,net_pnl; LOT_FORMULU (paper: int(alloc/((1+komisyon)*fill)); backtest: int(alloc/fill) sonra tot_cost=lots*fill*(1+komisyon))
5yil,ZOREN,GTD,2026-05-13,2026-05-13,2026-05-15,2026-05-15,3.3901,3.3901,3.2109,3.2109,STOP,STOP,-5.8526,-5.8526,-1173.92,-1170.34,False,net_pnl; LOT_FORMULU (paper: int(alloc/((1+komisyon)*fill)); backtest: int(alloc/fill) sonra tot_cost=lots*fill*(1+komisyon))
5yil,ZOREN,ZT3,2025-08-19,2025-08-19,2025-08-22,2025-08-22,3.7412,3.7412,4.0917,4.0917,TRAILING,TRAILING,7.8736,7.8736,1579.19,1574.46,False,net_pnl; LOT_FORMULU (paper: int(alloc/((1+komisyon)*fill)); backtest: int(alloc/fill) sonra tot_cost=lots*fill*(1+komisyon))
